{"stats":{"minecraft:custom":{"minecraft:time_since_rest":84,"minecraft:deaths":2,"minecraft:crouch_one_cm":985,"minecraft:play_time":34648,"minecraft:sprint_one_cm":32632,"minecraft:damage_taken":470,"minecraft:walk_one_cm":51011,"minecraft:sneak_time":400,"minecraft:mob_kills":2,"minecraft:jump":260,"minecraft:damage_dealt":204,"minecraft:leave_game":3,"minecraft:time_since_death":28,"minecraft:total_world_time":34648,"minecraft:climb_one_cm":1081,"minecraft:interact_with_crafting_table":1,"minecraft:fall_one_cm":8516,"minecraft:fly_one_cm":17745},"minecraft:killed":{"alexsmobs:tasmanian_devil":1,"alexsmobs:terrapin":1},"minecraft:mined":{"minecraft:granite":14,"minecraft:grass":4,"minecraft:grass_block":3,"minecraft:oak_log":1,"minecraft:dirt":6,"minecraft:candle":8,"minecraft:tall_grass":1,"treechop:chopped_log":6,"minecraft:crafting_table":1},"minecraft:picked_up":{"minecraft:birch_log":4,"minecraft:wheat":2,"minecraft:crafting_table":1,"minecraft:wheat_seeds":3,"minecraft:candle":16,"minecraft:granite":14,"minecraft:oak_log":3,"minecraft:dirt":9},"minecraft:crafted":{"minecraft:oak_planks":12,"minecraft:crafting_table":1,"minecraft:stick":8,"minecraft:wooden_pickaxe":1},"minecraft:used":{"minecraft:wooden_sword":7,"minecraft:crafting_table":1,"minecraft:birch_log":2,"alexsmobs:animal_dictionary":1,"minecraft:wooden_pickaxe":15}},"DataVersion":3465}