{"stats":{"minecraft:mined":{"minecraft:red_nether_brick_slab":1,"minecraft:deepslate_tiles":49,"minecraft:tuff":20,"minecraft:stripped_mangrove_log":1,"minecraft:sculk_vein":4,"minecraft:cobblestone_stairs":15,"minecraft:red_nether_bricks":1,"minecraft:spruce_trapdoor":2,"minecraft:granite":19,"minecraft:purple_terracotta":2,"minecraft:grass_block":4,"minecraft:decorated_pot":14,"minecraft:brick_stairs":22,"minecraft:light_gray_bed":1,"minecraft:deepslate_bricks":20,"minecraft:rooted_dirt":11,"minecraft:hay_block":2,"minecraft:furnace":2,"minecraft:red_nether_brick_stairs":1,"minecraft:iron_ore":23,"minecraft:fire":2,"treechop:chopped_log":35,"minecraft:bookshelf":1,"supplementaries:stick":1,"minecraft:deepslate_iron_ore":11,"minecraft:water_cauldron":1,"minecraft:oak_stairs":2,"minecraft:iron_bars":7,"crittersandcompanions:silk_cocoon":2,"minecraft:deepslate_brick_stairs":2,"minecraft:smooth_quartz_stairs":2,"minecraft:stone":387,"minecraft:tripwire":2,"jeg:scrap_ore":51,"minecraft:red_bed":2,"meds_and_herbs:artemisia":1,"minecraft:brick_wall":8,"minecraft:polished_granite":22,"minecraft:clay":1,"minecraft:crafting_table":4,"minecraft:torch":7,"minecraft:oak_wood":17,"minecraft:calcite":1,"minecraft:polished_andesite_stairs":3,"minecraft:melon":3,"minecraft:chest":2,"minecraft:white_stained_glass_pane":3,"minecraft:campfire":4,"minecraft:stone_slab":1,"minecraft:copper_ore":26,"minecraft:cobblestone":103,"minecraft:dried_kelp_block":1,"minecraft:bricks":56,"minecraft:wall_torch":16,"minecraft:deepslate_copper_ore":2,"supplementaries:urn":1,"minecraft:skeleton_skull":1,"minecraft:spruce_stairs":1,"minecraft:white_terracotta":2,"minecraft:stone_stairs":2,"minecraft:birch_trapdoor":1,"minecraft:white_carpet":1,"minecraft:jukebox":1,"minecraft:stone_brick_stairs":10,"minecraft:grass":29,"minecraft:coal_ore":172,"minecraft:oak_log":26,"minecraft:cocoa":3,"minecraft:cyan_carpet":2,"minecraft:gravel":1,"minecraft:flower_pot":2,"minecraft:dirt":4,"minecraft:cobweb":35,"minecraft:polished_andesite":78,"minecraft:stone_bricks":388,"minecraft:yellow_stained_glass":2,"minecraft:netherrack":22,"minecraft:deepslate":3,"minecraft:oak_leaves":21,"minecraft:cyan_candle":1},"minecraft:picked_up":{"minecraft:cocoa_beans":5,"minecraft:charcoal":4,"minecraft:crafting_table":4,"minecraft:chicken":5,"minecraft:flower_pot":2,"minecraft:clay_ball":4,"minecraft:stone_slab":1,"minecraft:oak_stairs":1,"minecraft:stone_brick_stairs":9,"minecraft:brick":44,"minecraft:stripped_mangrove_log":1,"minecraft:string":37,"minecraft:red_bed":2,"minecraft:raw_copper":82,"minecraft:cooked_salmon":2,"minecraft:red_nether_bricks":1,"minecraft:cyan_carpet":2,"minecraft:beetroot":1,"alexsmobs:emu_feather":2,"minecraft:deepslate_tiles":46,"rpgsmw:woodenfiber":1,"minecraft:cobbled_deepslate":3,"minecraft:beef":3,"minecraft:redstone_torch":1,"minecraft:calcite":1,"minecraft:poppy":1,"minecraft:iron_nugget":2,"minecraft:iron_pickaxe":3,"minecraft:spruce_slab":1,"minecraft:melon_slice":16,"minecraft:chest":2,"minecraft:smooth_quartz_stairs":2,"minecraft:spruce_trapdoor":1,"minecraft:furnace":2,"minecraft:stick":13,"minecraft:raw_iron":39,"minecraft:jukebox":1,"minecraft:oak_door":1,"minecraft:birch_trapdoor":1,"minecraft:torch":29,"minecraft:brick_wall":3,"minecraft:spruce_stairs":1,"minecraft:porkchop":11,"minecraft:cauldron":1,"minecraft:arrow":1,"minecraft:rotten_flesh":13,"minecraft:cooked_cod":2,"minecraft:decorated_pot":2,"minecraft:hay_block":2,"minecraft:deepslate_bricks":18,"crittersandcompanions:silk":10,"gamma_beasts:coal_nugget":57,"supplementaries:ash":10,"minecraft:brick_stairs":21,"alexsmobs:kangaroo_meat":5,"minecraft:iron_bars":7,"minecraft:skeleton_skull":1,"minecraft:white_wool":4,"minecraft:cobblestone":484,"minecraft:feather":7,"minecraft:cooked_beef":3,"minecraft:leather":2,"meds_and_herbs:artemisia_leaves":4,"minecraft:tuff":20,"minecraft:oak_log":40,"jeg:scrap":96,"minecraft:cobblestone_stairs":15,"skilltree:gem":36,"minecraft:dirt":13,"minecraft:polished_granite":22,"minecraft:cooked_mutton":5,"minecraft:red_carpet":7,"minecraft:bone":3,"minecraft:red_nether_brick_stairs":1,"minecraft:apple":1,"minecraft:stone_bricks":378,"minecraft:kelp":1,"minecraft:wheat_seeds":3,"alexsmobs:cockroach_wing_fragment":1,"minecraft:cooked_chicken":1,"minecraft:cyan_candle":3,"jeg:tech_trash":12,"minecraft:book":3,"minecraft:polished_andesite_stairs":3,"minecraft:cooked_porkchop":4,"minecraft:gravel":1,"minecraft:green_carpet":29,"minecraft:spruce_door":2,"minecraft:spider_eye":2,"meds_and_herbs:artemisia_seeds":1,"minecraft:oak_wood":39,"minecraft:polished_andesite":77,"alexsmobs:kangaroo_hide":2,"minecraft:dried_kelp_block":1,"born_in_chaos_v1:black_argillite_brick_slab":2,"minecraft:stone_axe":1,"minecraft:granite":18,"minecraft:bone_meal":1,"alexsmobs:maggot":2,"minecraft:red_nether_brick_slab":1,"minecraft:netherrack":21,"minecraft:coal":177,"minecraft:oak_sapling":15,"minecraft:light_gray_carpet":3,"minecraft:bricks":50,"minecraft:ender_pearl":1},"minecraft:used":{"minecraft:stone_sword":160,"minecraft:decorated_pot":2,"minecraft:chest":9,"minecraft:red_nether_brick_stairs":1,"minecraft:cooked_salmon":1,"minecraft:rotten_flesh":1,"minecraft:torch":154,"minecraft:dirt":3,"minecraft:furnace":2,"minecraft:cooked_cod":4,"minecraft:cooked_beef":9,"minecraft:cobbled_deepslate":1,"minecraft:cooked_mutton":3,"minecraft:water_bucket":2,"minecraft:cobblestone_stairs":6,"minecraft:stone_pickaxe":1562,"minecraft:wooden_pickaxe":59,"minecraft:crafting_table":5,"minecraft:red_bed":2,"minecraft:cake":2,"minecraft:flower_pot":1,"minecraft:cyan_carpet":2,"minecraft:gravel":1,"minecraft:stone_axe":130,"minecraft:wooden_sword":64,"minecraft:cobblestone":94,"minecraft:cooked_porkchop":5,"minecraft:bucket":2,"minecraft:cobweb":29},"minecraft:killed_by":{"alexsmobs:kangaroo":1,"cave_dweller:cave_dweller":1},"minecraft:broken":{"minecraft:stone_sword":1,"minecraft:leather_leggings":1,"minecraft:leather_chestplate":1,"minecraft:wooden_pickaxe":1,"minecraft:stone_pickaxe":12,"minecraft:wooden_sword":1,"minecraft:leather_boots":1,"minecraft:stone_axe":1},"minecraft:dropped":{"minecraft:wheat_seeds":1,"gamma_beasts:coal_nugget":8,"minecraft:cobblestone":16,"minecraft:apple":1,"minecraft:spruce_door":1,"minecraft:red_carpet":6,"minecraft:stick":2,"minecraft:dirt":1,"minecraft:torch":6,"minecraft:iron_pickaxe":1,"minecraft:oak_door":1,"minecraft:stone_axe":1,"minecraft:kelp":1,"minecraft:iron_nugget":2,"minecraft:poppy":4,"minecraft:shield":1,"alexsmobs:cockroach_wing_fragment":1,"minecraft:stone_bricks":1,"minecraft:spider_eye":2,"minecraft:brick":4},"minecraft:crafted":{"minecraft:oak_planks":184,"minecraft:stone_pickaxe":18,"minecraft:chest":5,"rpgsmw:woodenfiber":8,"rpgsmw:fabric":14,"minecraft:cooked_porkchop":8,"minecraft:crafting_table":2,"minecraft:wooden_pickaxe":1,"minecraft:copper_ingot":19,"minecraft:stone_axe":1,"minecraft:air":0,"minecraft:white_wool":7,"minecraft:charcoal":4,"minecraft:stick":128,"minecraft:stone_sword":2,"minecraft:torch":224},"minecraft:killed":{"undead_revamp2:thehunter":3,"alexsmobs:raccoon":1,"born_in_chaos_v1:maggot":1,"minecraft:chicken":5,"born_in_chaos_v1:corpse_fish":2,"alexsmobs:bison":1,"undead_revamp2:sucker":1,"alexsmobs:kangaroo":3,"minecraft:pig":3,"undead_revamp2:the_moonflower":1,"hamsters:hamster":2,"undead_revamp2:thebeartamer":1,"born_in_chaos_v1:decrepit_skeleton":2,"alexsmobs:emu":1,"alexsmobs:cockroach":1,"minecraft:zombie":9,"alexsmobs:terrapin":1,"alexsmobs:gazelle":1,"minecraft:cow":1},"minecraft:custom":{"minecraft:mob_kills":40,"minecraft:interact_with_crafting_table":31,"minecraft:open_barrel":7,"minecraft:interact_with_campfire":10,"minecraft:damage_dealt_resisted":120,"minecraft:eat_cake_slice":11,"minecraft:leave_game":4,"minecraft:time_since_death":7057,"minecraft:climb_one_cm":25157,"minecraft:sprint_one_cm":258194,"minecraft:walk_one_cm":482930,"minecraft:drop":29,"minecraft:play_time":258553,"minecraft:deaths":24,"minecraft:sneak_time":3494,"minecraft:walk_under_water_one_cm":20761,"minecraft:jump":3964,"minecraft:walk_on_water_one_cm":42318,"minecraft:total_world_time":258553,"minecraft:interact_with_furnace":15,"minecraft:sleep_in_bed":6,"minecraft:time_since_rest":7070,"minecraft:damage_taken":7335,"minecraft:damage_dealt":7722,"minecraft:swim_one_cm":148634,"minecraft:fly_one_cm":304811,"minecraft:open_chest":192,"minecraft:crouch_one_cm":5522,"minecraft:fall_one_cm":74595,"minecraft:horse_one_cm":3216}},"DataVersion":3465}