{"stats":{"minecraft:picked_up":{"minecraft:wheat":9,"minecraft:iron_trapdoor":3,"minecraft:flower_pot":3,"meds_and_herbs:cotton_fibers":8,"minecraft:stone_slab":1,"minecraft:oak_stairs":1,"minecraft:stone_brick_stairs":9,"minecraft:polished_deepslate_wall":1,"minecraft:soul_soil":1,"minecraft:amethyst_block":1,"born_in_chaos_v1:black_argillite":1,"minecraft:polished_deepslate":2,"alexsmobs:gazelle_horn":12,"minecraft:string":70,"minecraft:dark_oak_trapdoor":2,"minecraft:waxed_cut_copper_slab":1,"minecraft:raw_copper":801,"create:limestone":3,"minecraft:cooked_salmon":2,"minecraft:red_nether_bricks":10,"minecraft:iron_leggings":1,"minecraft:experience_bottle":1,"minecraft:oak_sign":4,"minecraft:beetroot":1,"minecraft:deepslate_tiles":46,"alexsmobs:emu_feather":8,"rpgsmw:woodenfiber":1,"minecraft:gold_nugget":16,"minecraft:cobbled_deepslate":114,"rpgsmw:rawmiphrilignot":6,"meds_and_herbs:plantago_leaves":6,"minecraft:redstone_torch":1,"minecraft:calcite":260,"minecraft:iron_pickaxe":4,"minecraft:melon_slice":56,"minecraft:coal_block":6,"minecraft:smooth_quartz_stairs":6,"minecraft:mangrove_log":5,"minecraft:iron_boots":1,"minecraft:furnace":2,"minecraft:beehive":1,"minecraft:stick":126,"born_in_chaos_v1:shattered_skull":4,"minecraft:jukebox":1,"minecraft:brick_wall":3,"minecraft:birch_trapdoor":3,"minecraft:brown_terracotta":1,"minecraft:torch":158,"minecraft:acacia_log":12,"rpgsmw:blue_fabric":1,"minecraft:spruce_stairs":1,"minecraft:porkchop":20,"minecraft:lightning_rod":2,"minecraft:cherry_log":2,"minecraft:diorite":2,"born_in_chaos_v1:nightmare_claw":4,"minecraft:cauldron":2,"minecraft:rotten_flesh":323,"create:ochrum":6,"create:asurine":11,"gamma_beasts:coal_nugget":214,"create:veridium":80,"supplementaries:ash":48,"minecraft:cod":1,"undead_revamp2:arapholia":2,"minecraft:iron_bars":7,"minecraft:cobblestone":708,"meds_and_herbs:aloe_leaves":16,"minecraft:magma_block":5,"minecraft:feather":10,"minecraft:cooked_beef":10,"minecraft:repeater":1,"born_in_chaos_v1:spiritual_dust":4,"gamma_beasts:prehnite":112,"minecraft:potato":1,"minecraft:tuff":31,"create:raw_zinc":190,"supplementaries:flax_seeds":9,"jeg:scrap":404,"skilltree:gem":225,"minecraft:dirt":31,"minecraft:lapis_lazuli":128,"minecraft:mangrove_slab":2,"minecraft:polished_granite":22,"born_in_chaos_v1:monster_skin":11,"born_in_chaos_v1:marigolds":5,"minecraft:bone":124,"undead_revamp2:blacpetalblock":1,"minecraft:bow":3,"minecraft:wheat_seeds":23,"minecraft:raw_gold":38,"minecraft:cyan_candle":3,"meds_and_herbs:aloe_fruits":24,"minecraft:cooked_porkchop":4,"minecraft:dark_prismarine":12,"undead_revamp2:heavytooth":2,"beachparty:cooked_mussel_meat":4,"minecraft:light_gray_terracotta":1,"minecraft:polished_andesite":78,"alexsmobs:kangaroo_hide":19,"create:crimsite":10,"minecraft:diamond":14,"minecraft:soul_lantern":7,"minecraft:granite":20,"born_in_chaos_v1:rotten_fish":1,"minecraft:bone_meal":1,"minecraft:light_gray_carpet":3,"minecraft:golden_apple":1,"minecraft:oak_sapling":152,"minecraft:bread":3,"minecraft:emerald":10,"alexsmobs:maggot":8,"minecraft:bricks":50,"minecraft:netherrack":21,"minecraft:crafting_table":7,"minecraft:cocoa_beans":5,"sophisticatedbackpacks:gold_backpack":1,"born_in_chaos_v1:diamond_termite_shard":2,"minecraft:charcoal":18,"minecraft:chicken":6,"born_in_chaos_v1:smoked_monster_flesh":2,"minecraft:clay_ball":8,"born_in_chaos_v1:seedof_chaos":1,"minecraft:chain":2,"minecraft:brick":44,"minecraft:stripped_mangrove_log":1,"minecraft:cornflower":128,"minecraft:red_bed":2,"minecraft:stone_stairs":1,"born_in_chaos_v1:intoxicating_decoction":4,"minecraft:cyan_carpet":8,"minecraft:beef":3,"minecraft:player_head":1,"meds_and_herbs:aloe_seeds":4,"minecraft:iron_nugget":47,"minecraft:poppy":1,"minecraft:spruce_slab":1,"minecraft:chest":2,"minecraft:spruce_trapdoor":5,"minecraft:raw_iron":344,"minecraft:oak_door":1,"minecraft:copper_ingot":5,"minecraft:bowl":1,"sophisticatedbackpacks:backpack":4,"born_in_chaos_v1:pieceofdarkmetal":3,"minecraft:carrot":2,"minecraft:redstone":382,"minecraft:dark_oak_planks":7,"minecraft:arrow":50,"minecraft:cooked_cod":2,"rpgsmw:iron_scythe":1,"minecraft:decorated_pot":3,"rpgsmw:pinarium":1,"minecraft:deepslate_bricks":18,"crittersandcompanions:silk":10,"minecraft:hay_block":4,"minecraft:stripped_dark_oak_wood":1,"minecraft:warped_sign":7,"born_in_chaos_v1:spiny_shell":3,"undead_revamp2:the_somnolenceextract":1,"sophisticatedbackpacks:copper_backpack":1,"minecraft:brick_stairs":21,"born_in_chaos_v1:trident_hayfork":1,"minecraft:glow_berries":1,"minecraft:mutton":9,"alexsmobs:kangaroo_meat":24,"minecraft:skeleton_skull":1,"minecraft:white_wool":4,"born_in_chaos_v1:fused_bone":8,"born_in_chaos_v1:corpse_maggot":30,"minecraft:smooth_red_sandstone":1,"born_in_chaos_v1:monster_flesh":5,"minecraft:glow_ink_sac":3,"minecraft:tripwire_hook":1,"minecraft:leather":2,"meds_and_herbs:artemisia_leaves":4,"minecraft:packed_mud":5,"minecraft:oak_log":474,"minecraft:yellow_bed":1,"minecraft:cobblestone_stairs":15,"minecraft:gunpowder":3,"minecraft:cooked_mutton":18,"minecraft:red_carpet":7,"minecraft:red_nether_brick_stairs":1,"minecraft:apple":18,"minecraft:stone_bricks":378,"minecraft:gray_carpet":2,"minecraft:kelp":1,"alexsmobs:cockroach_wing_fragment":1,"minecraft:iron_ingot":10,"minecraft:cooked_chicken":2,"minecraft:glass_bottle":2,"minecraft:book":36,"jeg:tech_trash":39,"minecraft:polished_andesite_stairs":7,"minecraft:dark_oak_slab":4,"minecraft:smooth_basalt":11,"minecraft:stone_brick_slab":1,"born_in_chaos_v1:ethereal_spirit":8,"minecraft:gravel":1,"born_in_chaos_v1:dark_rod":4,"minecraft:amethyst_shard":24,"minecraft:spruce_sapling":14,"minecraft:blast_furnace":14,"minecraft:spruce_log":62,"minecraft:green_carpet":29,"minecraft:spruce_door":2,"minecraft:spider_eye":7,"minecraft:leather_helmet":1,"meds_and_herbs:artemisia_seeds":1,"minecraft:oak_wood":485,"minecraft:dried_kelp_block":1,"minecraft:purple_bed":2,"minecraft:slime_ball":21,"born_in_chaos_v1:black_argillite_brick_slab":2,"minecraft:stone_axe":1,"hauntedharvest:rotten_apple":2,"minecraft:red_nether_brick_slab":1,"born_in_chaos_v1:spiritual_guide_sombrero_helmet":2,"minecraft:coal":617,"minecraft:ender_pearl":4},"minecraft:crafted":{"minecraft:black_dye":31,"rpgsmw:blue_fabric":18,"minecraft:smooth_stone":2,"minecraft:oak_planks":636,"minecraft:iron_boots":1,"minecraft:chest":17,"rpgsmw:woodenfiber":24,"sophisticatedbackpacks:backpack":1,"minecraft:cooked_porkchop":8,"minecraft:crafting_table":3,"minecraft:wooden_pickaxe":1,"minecraft:baked_potato":1,"minecraft:iron_helmet":1,"rpgsmw:miphrilignot":6,"minecraft:copper_ingot":139,"minecraft:charcoal":4,"minecraft:stick":400,"minecraft:iron_ingot":90,"minecraft:iron_pickaxe":5,"minecraft:stone_sword":2,"minecraft:tripwire_hook":60,"meds_and_herbs:seedscotton":20,"rpgsmw:iron_scythe":1,"minecraft:gray_dye":60,"minecraft:bone_meal":90,"minecraft:leather":2,"minecraft:iron_axe":1,"minecraft:iron_hoe":1,"minecraft:stone_pickaxe":18,"rpgsmw:fabric":44,"minecraft:cooked_cod":6,"rpgsmw:steel":45,"alexsmobs:cooked_kangaroo_meat":5,"minecraft:dark_oak_button":7,"minecraft:stone_axe":20,"rpgsmw:rainforcedstick":2,"minecraft:air":0,"minecraft:blue_dye":12,"rpgsmw:miphril_scythe":1,"minecraft:white_wool":7,"minecraft:white_dye":29,"rpgsmw:grayfabric":14,"minecraft:torch":780,"rpgsmw:steel_mage_armor_helmet":1},"minecraft:broken":{"rpgsmw:copper_mage_armor_helmet":1,"minecraft:leather_leggings":1,"minecraft:iron_boots":1,"minecraft:iron_leggings":1,"minecraft:stone_pickaxe":15,"minecraft:chainmail_chestplate":1,"rpgsmw:copper_mage_armor_leggings":1,"rpgsmw:copper_mage_armor_chestplate":1,"rpgsmw:copper_mage_armor_boots":1,"minecraft:wooden_sword":1,"minecraft:stone_axe":15,"minecraft:stone_sword":2,"rpgsmw:iron_scythe":2,"minecraft:leather_chestplate":1,"minecraft:wooden_pickaxe":1,"minecraft:leather_boots":1,"minecraft:iron_pickaxe":8,"minecraft:iron_helmet":1,"rpgsmw:copper_scythe":4},"minecraft:custom":{"minecraft:animals_bred":1,"minecraft:interact_with_crafting_table":81,"minecraft:open_barrel":17,"minecraft:eat_cake_slice":16,"minecraft:leave_game":11,"minecraft:time_since_death":7792,"minecraft:sprint_one_cm":1111017,"minecraft:drop":53,"minecraft:play_time":692786,"minecraft:deaths":100,"minecraft:jump":10664,"minecraft:walk_on_water_one_cm":73544,"minecraft:interact_with_furnace":176,"minecraft:sleep_in_bed":26,"minecraft:damage_dealt":90981,"minecraft:player_kills":2,"minecraft:crouch_one_cm":19014,"minecraft:horse_one_cm":3216,"minecraft:mob_kills":491,"minecraft:interact_with_campfire":15,"minecraft:damage_dealt_resisted":7801,"minecraft:climb_one_cm":69161,"minecraft:walk_one_cm":1523094,"minecraft:damage_dealt_absorbed":79,"minecraft:sneak_time":14676,"minecraft:walk_under_water_one_cm":33926,"minecraft:interact_with_blast_furnace":36,"minecraft:total_world_time":692786,"minecraft:tune_noteblock":9,"minecraft:time_since_rest":7865,"minecraft:damage_taken":30743,"minecraft:swim_one_cm":161844,"minecraft:fly_one_cm":1283965,"minecraft:open_chest":625,"minecraft:fall_one_cm":224801},"minecraft:dropped":{"minecraft:glass_bottle":2,"minecraft:red_carpet":6,"sophisticatedbackpacks:gold_backpack":1,"minecraft:dirt":1,"minecraft:iron_pickaxe":2,"minecraft:bone":3,"minecraft:oak_door":1,"minecraft:stone_axe":3,"minecraft:iron_nugget":2,"minecraft:rotten_flesh":2,"minecraft:poppy":4,"born_in_chaos_v1:spiritual_guide_sombrero_helmet":1,"rpgsmw:copper_battle_hammer":1,"born_in_chaos_v1:shattered_skull":1,"minecraft:wheat_seeds":2,"gamma_beasts:coal_nugget":16,"minecraft:cobblestone":16,"minecraft:apple":1,"minecraft:spruce_door":1,"minecraft:stick":4,"minecraft:torch":6,"minecraft:iron_leggings":1,"minecraft:tripwire_hook":60,"minecraft:kelp":1,"rpgsmw:iron_scythe":1,"minecraft:experience_bottle":1,"minecraft:raw_iron":30,"sophisticatedbackpacks:backpack":4,"minecraft:shield":1,"minecraft:flower_pot":1,"alexsmobs:cockroach_wing_fragment":1,"minecraft:spider_eye":2,"minecraft:stone_bricks":1,"minecraft:brick":4},"minecraft:killed":{"born_in_chaos_v1:zombie_clown":2,"minecraft:witch":2,"born_in_chaos_v1:restless_spirit":1,"born_in_chaos_v1:zombie_lumberjack":4,"born_in_chaos_v1:skeleton_demoman":1,"minecraft:spider":18,"undead_revamp2:thesmoker":6,"minecraft:cod":1,"born_in_chaos_v1:siamese_skeletonsright":5,"born_in_chaos_v1:baby_skeleton_minion":1,"minecraft:skeleton":38,"minecraft:bee":1,"minecraft:chicken":6,"born_in_chaos_v1:skeleton_thrasher":2,"minecraft:silverfish":8,"undead_revamp2:therod":4,"undead_revamp2:thepregnant":1,"undead_revamp2:crackleball":1,"alexsmobs:kangaroo":16,"undead_revamp2:thespitter":3,"born_in_chaos_v1:bonescaller":1,"minecraft:pig":8,"minecraft:zombie_villager":4,"born_in_chaos_v1:diamond_termite":3,"undead_revamp2:theheavy":1,"undead_revamp2:thebeartamer":1,"minecraft:creeper":3,"minecraft:donkey":1,"minecraft:zombie":81,"born_in_chaos_v1:dread_hound":4,"alexsmobs:terrapin":1,"born_in_chaos_v1:corpse_fly":12,"undead_revamp2:theskeeper":1,"alexsmobs:fly":3,"born_in_chaos_v1:door_knight":1,"born_in_chaos_v1:siamese_skeletonsleft":5,"minecraft:cow":1,"undead_revamp2:thehunter":3,"slasher:slasher":1,"undead_revamp2:theimmortal":1,"undead_revamp2:thegliter":4,"alexsmobs:raccoon":1,"undead_revamp2:bomber":3,"born_in_chaos_v1:thornshell_crab":1,"born_in_chaos_v1:zombie_bruiser":3,"born_in_chaos_v1:maggot":27,"undead_revamp2:thebidy":5,"alexsmobs:bison":1,"born_in_chaos_v1:corpse_fish":2,"undead_revamp2:sucker":1,"born_in_chaos_v1:spiritof_chaos":1,"born_in_chaos_v1:spirit_guide":2,"minecraft:husk":28,"born_in_chaos_v1:baby_skeleton":7,"born_in_chaos_v1:swarmer":1,"born_in_chaos_v1:spirit_guide_assistant":15,"undead_revamp2:the_moonflower":19,"hamsters:hamster":2,"minecraft:frog":11,"born_in_chaos_v1:decrepit_skeleton":25,"alexsmobs:emu":7,"undead_revamp2:thesomnolence":16,"alexsmobs:cockroach":1,"alexsmobs:gazelle":19,"born_in_chaos_v1:dark_vortex":2,"born_in_chaos_v1:nightmare_stalker":4},"minecraft:killed_by":{"minecraft:zombie":1,"minecraft:husk":1,"minecraft:bee":1,"alexsmobs:kangaroo":1,"cave_dweller:cave_dweller":3},"minecraft:used":{"minecraft:red_nether_brick_stairs":1,"minecraft:decorated_pot":2,"minecraft:chest":20,"minecraft:iron_sword":217,"minecraft:rotten_flesh":5,"minecraft:beehive":1,"minecraft:stripped_dark_oak_wood":1,"minecraft:dark_oak_button":7,"minecraft:birch_trapdoor":1,"minecraft:bow":7,"minecraft:furnace":2,"minecraft:cooked_cod":6,"rpgsmw:copper_mage_armor_chestplate":1,"minecraft:stone_pickaxe":1957,"minecraft:wooden_pickaxe":59,"minecraft:cyan_carpet":2,"born_in_chaos_v1:staffof_magic_arrows":1,"born_in_chaos_v1:smoked_monster_flesh":1,"minecraft:gravel":1,"meds_and_herbs:seedscotton":20,"minecraft:wooden_sword":64,"minecraft:experience_bottle":244,"minecraft:cobweb":31,"minecraft:stone_sword":222,"rpgsmw:iron_scythe":322,"create:veridium":16,"minecraft:cooked_salmon":1,"minecraft:cooked_chicken":22,"minecraft:torch":795,"minecraft:dirt":3,"minecraft:chainmail_chestplate":1,"alexsmobs:cooked_kangaroo_meat":9,"minecraft:iron_hoe":21,"minecraft:iron_axe":49,"alexsmobs:kangaroo_burger":3,"minecraft:tripwire_hook":1,"minecraft:cooked_beef":19,"minecraft:cobbled_deepslate":9,"minecraft:calcite":7,"minecraft:cooked_mutton":28,"minecraft:water_bucket":8,"minecraft:cobblestone_stairs":6,"minecraft:red_nether_bricks":8,"rpgsmw:copper_scythe":692,"minecraft:crafting_table":8,"minecraft:red_bed":2,"minecraft:cake":3,"minecraft:flower_pot":1,"minecraft:iron_pickaxe":2170,"rpgsmw:miphril_scythe":812,"minecraft:stone_axe":1966,"minecraft:cobblestone":166,"minecraft:purple_bed":2,"minecraft:cooked_porkchop":19,"minecraft:bucket":8,"minecraft:yellow_bed":1},"minecraft:mined":{"minecraft:red_nether_brick_slab":1,"minecraft:waxed_cut_copper_slab":1,"create:deepslate_zinc_ore":88,"minecraft:spruce_planks":1,"minecraft:cobblestone_stairs":15,"minecraft:sculk_vein":4,"minecraft:red_nether_bricks":10,"minecraft:granite":21,"minecraft:spruce_trapdoor":6,"minecraft:acacia_log":9,"minecraft:grass_block":15,"minecraft:light_gray_bed":4,"minecraft:deepslate_bricks":20,"minecraft:coal_block":6,"minecraft:spawner":4,"minecraft:magma_block":5,"minecraft:dark_oak_trapdoor":2,"minecraft:red_nether_brick_stairs":1,"minecraft:iron_ore":220,"minecraft:cobbled_deepslate":3,"minecraft:fire":2,"minecraft:deepslate_lapis_ore":19,"minecraft:stripped_dark_oak_wood":1,"minecraft:smooth_red_sandstone":1,"create:asurine":11,"supplementaries:stick":1,"minecraft:water_cauldron":1,"minecraft:oak_stairs":2,"minecraft:iron_bars":7,"minecraft:deepslate_brick_stairs":2,"create:veridium":81,"minecraft:player_head":1,"create:limestone":3,"minecraft:tripwire":2,"minecraft:deepslate_redstone_ore":79,"minecraft:red_bed":2,"minecraft:amethyst_cluster":6,"minecraft:soul_lantern":7,"minecraft:clay":2,"minecraft:torch":26,"minecraft:light_gray_terracotta":1,"minecraft:blast_furnace":14,"minecraft:calcite":260,"minecraft:melon":11,"minecraft:polished_andesite_stairs":7,"minecraft:chest":2,"minecraft:white_stained_glass_pane":3,"minecraft:cobblestone":108,"minecraft:bricks":56,"minecraft:wall_torch":40,"minecraft:amethyst_block":2,"minecraft:cauldron":1,"minecraft:deepslate_copper_ore":9,"minecraft:skeleton_skull":1,"minecraft:white_terracotta":2,"minecraft:stone_stairs":3,"minecraft:chain":2,"minecraft:repeater":1,"minecraft:dark_oak_slab":4,"minecraft:birch_trapdoor":3,"minecraft:jukebox":1,"minecraft:stone_brick_stairs":10,"minecraft:grass":156,"minecraft:oak_log":200,"minecraft:dirt":12,"minecraft:smooth_basalt":14,"minecraft:tripwire_hook":1,"born_in_chaos_v1:infernal_evil_pumpkin_s":1,"minecraft:yellow_stained_glass":2,"minecraft:netherrack":22,"minecraft:oak_leaves":198,"create:crimsite":9,"minecraft:polished_deepslate_wall":1,"minecraft:cyan_candle":1,"minecraft:deepslate":112,"meds_and_herbs:cotton_plant":1,"minecraft:infested_deepslate":1,"create:zinc_ore":118,"minecraft:dark_prismarine":18,"minecraft:deepslate_tiles":49,"minecraft:tuff":33,"minecraft:deepslate_diamond_ore":14,"minecraft:stripped_mangrove_log":1,"meds_and_herbs:plantago":3,"born_in_chaos_v1:infected_diamond_ore":4,"minecraft:glow_lichen":1,"minecraft:dark_oak_fence":2,"minecraft:purple_terracotta":2,"minecraft:decorated_pot":15,"born_in_chaos_v1:black_argillite":1,"minecraft:brick_stairs":22,"create:ochrum":10,"minecraft:soul_campfire":1,"minecraft:spruce_leaves":5,"minecraft:rooted_dirt":11,"minecraft:large_fern":4,"minecraft:hay_block":4,"minecraft:redstone_ore":8,"minecraft:furnace":2,"gamma_beasts:prehnite_ore":52,"treechop:chopped_log":599,"minecraft:polished_deepslate":2,"minecraft:bookshelf":12,"minecraft:deepslate_iron_ore":122,"crittersandcompanions:silk_cocoon":2,"minecraft:smooth_quartz_stairs":6,"minecraft:stone":599,"jeg:scrap_ore":139,"meds_and_herbs:artemisia":1,"minecraft:brick_wall":8,"minecraft:stone_brick_slab":1,"minecraft:polished_granite":22,"minecraft:crafting_table":7,"minecraft:cornflower":144,"minecraft:oak_wood":160,"minecraft:emerald_ore":5,"minecraft:campfire":12,"minecraft:stone_slab":1,"minecraft:lightning_rod":2,"minecraft:copper_ore":228,"minecraft:tall_grass":4,"minecraft:dried_kelp_block":1,"minecraft:deepslate_gold_ore":35,"minecraft:lapis_ore":2,"minecraft:diorite":2,"minecraft:spruce_stairs":1,"supplementaries:urn":33,"jeg:deepslate_scrap_ore":69,"gamma_beasts:deepslate_prehnite_ore":63,"minecraft:purple_bed":2,"minecraft:beehive":1,"rpgsmw:mineral_ore":1,"minecraft:white_carpet":1,"minecraft:spruce_log":60,"minecraft:yellow_bed":1,"minecraft:mangrove_slab":2,"minecraft:coal_ore":621,"minecraft:cocoa":3,"minecraft:flower_pot":3,"minecraft:cyan_carpet":2,"minecraft:gravel":1,"minecraft:cobweb":37,"minecraft:brown_terracotta":1,"minecraft:stone_bricks":389,"minecraft:polished_andesite":79,"meds_and_herbs:aloe_plant":4,"minecraft:iron_trapdoor":3,"minecraft:infested_stone":3}},"DataVersion":3465}