{"stats":{"minecraft:custom":{"minecraft:mob_kills":58,"minecraft:interact_with_crafting_table":52,"minecraft:open_barrel":4,"minecraft:damage_dealt_resisted":923,"minecraft:eat_cake_slice":2,"minecraft:leave_game":4,"minecraft:time_since_death":111,"minecraft:climb_one_cm":9716,"minecraft:damage_resisted":605,"minecraft:sprint_one_cm":502547,"minecraft:walk_one_cm":492351,"minecraft:drop":18,"minecraft:talked_to_villager":1,"minecraft:play_time":177736,"minecraft:deaths":14,"minecraft:sneak_time":288,"minecraft:walk_under_water_one_cm":2549,"minecraft:jump":2097,"minecraft:walk_on_water_one_cm":20476,"minecraft:total_world_time":177736,"minecraft:interact_with_furnace":23,"minecraft:sleep_in_bed":4,"minecraft:time_since_rest":167,"minecraft:damage_taken":7914,"minecraft:damage_dealt":10882,"minecraft:swim_one_cm":15011,"minecraft:fly_one_cm":365007,"minecraft:open_chest":121,"minecraft:crouch_one_cm":409,"minecraft:fall_one_cm":91167},"minecraft:used":{"minecraft:stone_sword":69,"sophisticatedbackpacks:iron_backpack":2,"minecraft:stone_shovel":56,"minecraft:decorated_pot":1,"minecraft:chest":4,"minecraft:stick":1,"minecraft:torch":80,"minecraft:dirt":8,"minecraft:furnace":4,"minecraft:stone_pickaxe":374,"minecraft:oak_planks":2,"minecraft:wooden_pickaxe":9,"minecraft:leather_chestplate":1,"minecraft:crafting_table":8,"minecraft:red_bed":1,"minecraft:mushroom_stew":1,"rpgsmw:copper_sickle":318,"minecraft:bread":77,"minecraft:stone_axe":100,"minecraft:cobblestone":48,"minecraft:pumpkin_pie":3,"rpgsmw:copper_knife":74},"minecraft:dropped":{"minecraft:bread":4,"minecraft:porkchop":1,"rpgsmw:woodenfiber":1,"born_in_chaos_v1:pieceofdarkmetal":1,"minecraft:spruce_door":1,"minecraft:spruce_stairs":1,"minecraft:cobweb":1,"minecraft:mutton":5,"minecraft:green_carpet":2,"minecraft:white_wool":3,"minecraft:stone_sword":1,"minecraft:chicken":2,"minecraft:light_gray_wool":1,"minecraft:flower_pot":3,"minecraft:beef":6},"minecraft:picked_up":{"gamma_beasts:thin_oak_log":12,"minecraft:crafting_table":7,"minecraft:wheat":8,"born_in_chaos_v1:seedof_chaos":1,"minecraft:chicken":8,"minecraft:creeper_head":1,"minecraft:flower_pot":5,"meds_and_herbs:cotton_fibers":4,"minecraft:cooked_rabbit":1,"minecraft:wither_rose":3,"minecraft:brick":4,"minecraft:oak_trapdoor":1,"alexsmobs:gazelle_horn":1,"minecraft:string":7,"minecraft:red_bed":3,"minecraft:raw_copper":76,"minecraft:iron_leggings":3,"minecraft:armor_stand":1,"minecraft:white_carpet":5,"minecraft:zombie_head":2,"rpgsmw:woodenfiber":1,"minecraft:bucket":1,"minecraft:beef":11,"minecraft:player_head":2,"minecraft:iron_nugget":4,"minecraft:light_gray_wool":1,"minecraft:chest":2,"minecraft:spruce_trapdoor":15,"minecraft:mangrove_log":1,"minecraft:furnace":3,"minecraft:egg":2,"minecraft:spruce_pressure_plate":2,"minecraft:stick":2,"minecraft:beehive":1,"minecraft:raw_iron":23,"minecraft:copper_ingot":31,"minecraft:torch":2,"minecraft:acacia_log":1,"minecraft:spruce_stairs":9,"minecraft:spruce_fence":2,"minecraft:porkchop":1,"born_in_chaos_v1:pieceofdarkmetal":1,"minecraft:carrot":1,"minecraft:yellow_banner":2,"minecraft:arrow":3,"minecraft:rotten_flesh":34,"minecraft:decorated_pot":1,"minecraft:hay_block":25,"crittersandcompanions:silk":4,"gamma_beasts:coal_nugget":61,"minecraft:gold_ingot":7,"supplementaries:ash":3,"minecraft:mutton":6,"undead_revamp2:arapholia":1,"minecraft:skeleton_skull":2,"minecraft:white_wool":30,"minecraft:cobblestone":110,"minecraft:oxeye_daisy":1,"minecraft:birch_log":1,"born_in_chaos_v1:corpse_maggot":3,"minecraft:feather":14,"born_in_chaos_v1:monster_flesh":2,"minecraft:andesite":15,"minecraft:leather":9,"minecraft:mushroom_stew":1,"minecraft:oak_log":8,"jeg:scrap":45,"skilltree:gem":33,"minecraft:lapis_lazuli":1,"minecraft:dirt":41,"minecraft:lantern":1,"minecraft:white_banner":1,"minecraft:purple_carpet":2,"minecraft:bone":14,"minecraft:wheat_seeds":7,"rpgsmw:fabric":1,"minecraft:iron_ingot":6,"minecraft:cobweb":2,"minecraft:fletching_table":1,"jeg:double_barrel_shotgun":1,"minecraft:oak_planks":32,"jeg:tech_trash":5,"minecraft:book":36,"bakery:strawberry":1,"hauntedharvest:corn":2,"minecraft:emerald_block":1,"born_in_chaos_v1:ethereal_spirit":2,"born_in_chaos_v1:dark_rod":1,"minecraft:grass_block":1,"minecraft:green_carpet":22,"minecraft:spruce_door":2,"undead_revamp2:heavytooth":1,"undead_revamp2:rawbostrox":1,"undead_revamp2:bostroxset_helmet":1,"minecraft:oak_wood":4,"minecraft:diamond":6,"minecraft:bread":4,"minecraft:oak_sapling":1,"minecraft:coal":222},"minecraft:mined":{"minecraft:yellow_wall_banner":2,"minecraft:mossy_cobblestone":2,"minecraft:potted_wither_rose":3,"minecraft:spruce_trapdoor":14,"minecraft:spruce_fence":2,"minecraft:grass_block":13,"minecraft:decorated_pot":2,"minecraft:hay_block":25,"minecraft:oak_trapdoor":1,"minecraft:furnace":3,"minecraft:iron_ore":23,"minecraft:fire":1,"minecraft:andesite":15,"treechop:chopped_log":12,"minecraft:fletching_table":1,"vinery:taiga_grape_bush_white":1,"minecraft:bookshelf":12,"crittersandcompanions:silk_cocoon":1,"minecraft:green_carpet":20,"minecraft:stone":86,"minecraft:player_head":2,"minecraft:white_wool":24,"minecraft:tripwire":6,"hauntedharvest:corn_middle":1,"jeg:scrap_ore":23,"minecraft:red_bed":3,"minecraft:spruce_door":1,"minecraft:crafting_table":7,"minecraft:oak_wood":4,"bakery:wild_strawberries":1,"minecraft:chest":2,"minecraft:white_stained_glass_pane":1,"minecraft:tall_grass":2,"minecraft:copper_ore":16,"minecraft:cobblestone":7,"minecraft:dried_kelp_block":1,"minecraft:skeleton_skull":2,"minecraft:spruce_stairs":6,"minecraft:beehive":1,"minecraft:creeper_head":1,"minecraft:white_carpet":1,"gamma_beasts:thin_oak_log":1,"minecraft:grass":15,"minecraft:coal_ore":194,"minecraft:oak_log":1,"minecraft:zombie_head":2,"minecraft:flower_pot":2,"minecraft:dirt":30,"minecraft:polished_andesite":1,"minecraft:oak_leaves":5,"meds_and_herbs:cotton_plant":1},"minecraft:killed":{"undead_revamp2:thehunter":2,"born_in_chaos_v1:restless_spirit":1,"born_in_chaos_v1:zombie_lumberjack":2,"minecraft:spider":1,"born_in_chaos_v1:maggot":4,"minecraft:skeleton":2,"minecraft:chicken":6,"minecraft:pig":1,"born_in_chaos_v1:baby_skeleton":2,"undead_revamp2:the_moonflower":1,"undead_revamp2:theheavy":1,"born_in_chaos_v1:decrepit_skeleton":4,"alexsmobs:emu":1,"minecraft:sheep":3,"minecraft:pillager":1,"undead_revamp2:slaveman":1,"minecraft:zombie":6,"born_in_chaos_v1:dread_hound":2,"born_in_chaos_v1:corpse_fly":2,"alexsmobs:gazelle":2,"born_in_chaos_v1:dark_vortex":1,"born_in_chaos_v1:door_knight":1,"minecraft:enderman":1,"minecraft:cow":7},"minecraft:broken":{"rpgsmw:copper_assasin_armor_helmet":1,"rpgsmw:copper_sickle":1,"minecraft:stone_pickaxe":1},"minecraft:killed_by":{"sololeveling:centipede":1},"minecraft:crafted":{"minecraft:oak_planks":88,"minecraft:stone_shovel":1,"minecraft:furnace":4,"minecraft:stone_pickaxe":4,"minecraft:chest":4,"rpgsmw:copper_sickle":2,"minecraft:wheat":271,"sophisticatedbackpacks:iron_backpack":2,"minecraft:red_dye":5,"minecraft:emerald":117,"sophisticatedbackpacks:backpack":2,"minecraft:crafting_table":1,"minecraft:wooden_pickaxe":1,"minecraft:copper_ingot":37,"minecraft:mangrove_planks":4,"minecraft:birch_planks":4,"minecraft:stone_axe":1,"minecraft:air":0,"minecraft:bread":103,"minecraft:emerald_block":19,"minecraft:stick":100,"minecraft:iron_ingot":23,"minecraft:iron_pickaxe":1,"minecraft:stone_sword":2,"minecraft:torch":124}},"DataVersion":3465}