{"stats":{"minecraft:picked_up":{"gamma_beasts:thin_oak_log":12,"minecraft:wheat":10,"minecraft:chainmail_boots":1,"minecraft:creeper_head":2,"minecraft:flower_pot":6,"meds_and_herbs:cotton_fibers":12,"minecraft:wither_rose":3,"minecraft:enchanted_book":4,"minecraft:golden_sword":1,"alexsmobs:gazelle_horn":1,"minecraft:string":23,"minecraft:raw_copper":76,"minecraft:explorer_pottery_sherd":8,"minecraft:iron_leggings":3,"minecraft:armor_stand":4,"minecraft:zombie_head":2,"rpgsmw:woodenfiber":1,"minecraft:bucket":1,"born_in_chaos_v1:smoldering_scorched_log":3,"minecraft:mangrove_log":1,"minecraft:furnace":3,"minecraft:spruce_pressure_plate":2,"minecraft:stick":5,"minecraft:beehive":2,"minecraft:sheaf_pottery_sherd":8,"born_in_chaos_v1:shattered_skull":2,"minecraft:jukebox":1,"minecraft:birch_trapdoor":1,"minecraft:torch":17,"minecraft:acacia_log":1,"minecraft:spruce_stairs":11,"minecraft:porkchop":17,"born_in_chaos_v1:nightmare_claw":1,"born_in_chaos_v1:black_argillite_brick_stairs":2,"minecraft:black_dye":2,"minecraft:yellow_banner":2,"minecraft:rotten_flesh":194,"alexsmobs:emu_egg":1,"gamma_beasts:coal_nugget":106,"minecraft:mangrove_roots":3,"supplementaries:ash":11,"undead_revamp2:arapholia":3,"minecraft:cobblestone":250,"minecraft:birch_log":1,"rpgsmw:steel":49,"minecraft:feather":46,"minecraft:cooked_beef":1,"minecraft:repeater":30,"minecraft:water_bucket":1,"minecraft:andesite":15,"minecraft:potato":6,"create:raw_zinc":14,"minecraft:danger_pottery_sherd":9,"jeg:scrap":67,"minecraft:dirt":76,"skilltree:gem":56,"minecraft:lapis_lazuli":3,"minecraft:stripped_birch_log":1,"minecraft:lantern":2,"born_in_chaos_v1:black_argillite_stairs":1,"born_in_chaos_v1:monster_skin":11,"minecraft:purple_carpet":2,"minecraft:bone":84,"minecraft:acacia_planks":20,"undead_revamp2:blacpetalblock":2,"minecraft:bow":1,"minecraft:wheat_seeds":14,"rpgsmw:fabric":1,"minecraft:fletching_table":1,"minecraft:oak_planks":32,"minecraft:cooked_porkchop":2,"rpgsmw:copper_knife":1,"minecraft:sand":7,"minecraft:stripped_spruce_log":2,"minecraft:ink_sac":32,"minecraft:grass_block":2,"alexsmobs:animal_dictionary":1,"undead_revamp2:heavytooth":2,"beachparty:rubber_ring_pelican":1,"born_in_chaos_v1:fire_dust":6,"minecraft:diamond":6,"minecraft:writable_book":2,"minecraft:bone_meal":2,"minecraft:golden_apple":1,"minecraft:bread":4,"minecraft:emerald":2,"minecraft:oak_sapling":1,"born_in_chaos_v1:rotten_fish":1,"minecraft:netherrack":23,"minecraft:crimson_roots":1,"minecraft:crafting_table":8,"born_in_chaos_v1:smoked_monster_flesh":1,"minecraft:chicken":11,"born_in_chaos_v1:seedof_chaos":7,"minecraft:redstone_lamp":84,"alexsmobs:roadrunner_feather":1,"minecraft:cooked_rabbit":1,"minecraft:chain":5,"minecraft:brick":4,"minecraft:cornflower":46,"minecraft:oak_trapdoor":1,"minecraft:red_bed":3,"minecraft:iron_axe":1,"minecraft:wooden_sword":1,"born_in_chaos_v1:intoxicating_decoction":2,"minecraft:white_carpet":5,"born_in_chaos_v1:black_argillite_brick":3,"beachparty:seashell":4,"minecraft:beef":28,"born_in_chaos_v1:gnawed_bones":1,"minecraft:player_head":2,"minecraft:iron_nugget":4,"minecraft:spruce_slab":3,"minecraft:light_gray_wool":1,"minecraft:chest":4,"minecraft:spruce_trapdoor":15,"minecraft:egg":2,"minecraft:raw_iron":30,"minecraft:copper_ingot":31,"minecraft:spruce_fence":2,"minecraft:note_block":7,"born_in_chaos_v1:pieceofdarkmetal":11,"minecraft:carrot":1,"minecraft:redstone":22,"minecraft:arrow":14,"minecraft:stone_shovel":1,"minecraft:decorated_pot":6,"crittersandcompanions:silk":4,"minecraft:hay_block":25,"minecraft:gold_ingot":15,"minecraft:bone_block":16,"alexsmobs:kangaroo_meat":1,"minecraft:mutton":21,"minecraft:skeleton_skull":2,"minecraft:white_wool":38,"minecraft:rail":3,"minecraft:oxeye_daisy":1,"born_in_chaos_v1:fused_bone":5,"born_in_chaos_v1:corpse_maggot":18,"minecraft:clock":1,"born_in_chaos_v1:monster_flesh":11,"minecraft:leather":17,"beachparty:raw_mussel_meat":4,"minecraft:packed_mud":9,"minecraft:mushroom_stew":1,"minecraft:oak_log":12,"minecraft:gunpowder":2,"endrem:undead_soul":2,"minecraft:white_banner":1,"minecraft:stone_bricks":15,"minecraft:iron_ingot":9,"minecraft:cobweb":2,"jeg:double_barrel_shotgun":1,"minecraft:acacia_sapling":1,"jeg:tech_trash":19,"minecraft:book":47,"bakery:strawberry":1,"hauntedharvest:corn":2,"minecraft:emerald_block":17,"minecraft:pumpkin":2,"born_in_chaos_v1:lifestealer_bone":5,"born_in_chaos_v1:ethereal_spirit":17,"born_in_chaos_v1:dark_rod":6,"minecraft:spider_eye":7,"minecraft:green_carpet":22,"minecraft:spruce_door":2,"minecraft:brewer_pottery_sherd":9,"undead_revamp2:rawbostrox":1,"undead_revamp2:bostroxset_helmet":1,"minecraft:oak_wood":4,"minecraft:pumpkin_seeds":1,"minecraft:slime_ball":8,"born_in_chaos_v1:black_argillite_brick_slab":2,"hauntedharvest:jack_o_lantern":1,"minecraft:warped_roots":1,"minecraft:red_nether_brick_slab":1,"minecraft:black_wool":2,"minecraft:coal":352,"minecraft:ender_pearl":1},"minecraft:crafted":{"rpgsmw:blue_fabric":10,"minecraft:oak_planks":224,"minecraft:cooked_chicken":6,"minecraft:cooked_mutton":14,"minecraft:chest":22,"sophisticatedbackpacks:backpack":2,"minecraft:emerald":117,"minecraft:cooked_porkchop":2,"minecraft:crafting_table":1,"minecraft:baked_potato":25,"minecraft:wooden_pickaxe":1,"minecraft:copper_ingot":246,"minecraft:birch_planks":4,"minecraft:emerald_block":19,"minecraft:stick":100,"minecraft:iron_ingot":30,"minecraft:iron_pickaxe":2,"minecraft:stone_sword":2,"minecraft:stone_shovel":1,"minecraft:furnace":4,"minecraft:iron_axe":1,"minecraft:stone_pickaxe":4,"rpgsmw:copper_sickle":2,"rpgsmw:fabric":12,"minecraft:wheat":271,"sophisticatedbackpacks:iron_backpack":2,"minecraft:cooked_beef":17,"minecraft:red_dye":5,"minecraft:cooked_cod":2,"alexsmobs:cooked_kangaroo_meat":3,"minecraft:cooked_salmon":6,"minecraft:mangrove_planks":4,"minecraft:stone_axe":1,"rpgsmw:rainforcedstick":4,"minecraft:air":0,"minecraft:bread":103,"minecraft:blue_dye":23,"minecraft:torch":124,"create:zinc_ingot":25},"minecraft:broken":{"rpgsmw:copper_assasin_armor_helmet":1,"rpgsmw:copper_assasin_armor_leggings":1,"rpgsmw:copper_assasin_armor_chestplate":1,"minecraft:stone_pickaxe":2,"rpgsmw:copper_sickle":4,"rpgsmw:copper_assasin_armor_boots":1,"minecraft:iron_pickaxe":1},"minecraft:custom":{"minecraft:interact_with_crafting_table":75,"minecraft:open_barrel":35,"minecraft:eat_cake_slice":10,"minecraft:leave_game":7,"minecraft:time_since_death":4398,"minecraft:damage_resisted":2367,"minecraft:sprint_one_cm":1234323,"minecraft:drop":31,"minecraft:play_noteblock":8,"minecraft:talked_to_villager":1,"minecraft:play_time":454202,"minecraft:deaths":29,"minecraft:jump":5692,"minecraft:walk_on_water_one_cm":43536,"minecraft:interact_with_furnace":214,"minecraft:sleep_in_bed":12,"minecraft:damage_dealt":48801,"minecraft:crouch_one_cm":2969,"minecraft:mob_kills":262,"minecraft:damage_dealt_resisted":3946,"minecraft:climb_one_cm":20301,"minecraft:walk_one_cm":1246222,"minecraft:sneak_time":2065,"minecraft:walk_under_water_one_cm":13333,"minecraft:interact_with_blast_furnace":5,"minecraft:total_world_time":454202,"minecraft:time_since_rest":4488,"minecraft:damage_taken":21652,"minecraft:swim_one_cm":76007,"minecraft:fly_one_cm":1055785,"minecraft:open_chest":408,"minecraft:fall_one_cm":199238},"minecraft:dropped":{"minecraft:porkchop":1,"minecraft:cooked_beef":2,"minecraft:leather":2,"rpgsmw:woodenfiber":1,"born_in_chaos_v1:pieceofdarkmetal":1,"minecraft:mutton":5,"beachparty:rubber_ring_pelican":1,"minecraft:chain":1,"minecraft:sand":1,"minecraft:white_wool":3,"minecraft:bone":2,"minecraft:iron_nugget":5,"minecraft:rotten_flesh":10,"minecraft:leather_boots":1,"minecraft:beef":6,"minecraft:bread":4,"minecraft:wheat_seeds":1,"minecraft:spruce_door":1,"minecraft:spruce_stairs":1,"minecraft:cobweb":1,"minecraft:green_carpet":2,"minecraft:string":6,"minecraft:stone_sword":1,"minecraft:bowl":1,"minecraft:chicken":2,"minecraft:light_gray_wool":1,"minecraft:flower_pot":3},"minecraft:killed":{"born_in_chaos_v1:lifestealer_true_form":1,"born_in_chaos_v1:restless_spirit":10,"born_in_chaos_v1:zombie_lumberjack":3,"born_in_chaos_v1:skeleton_demoman":1,"born_in_chaos_v1:door_knight_not_despawn":1,"minecraft:spider":15,"born_in_chaos_v1:siamese_skeletonsright":1,"minecraft:skeleton":18,"minecraft:chicken":8,"undead_revamp2:thepregnant":2,"minecraft:skeleton_horse":2,"undead_revamp2:crackleball":5,"born_in_chaos_v1:firelight_not_despawn":5,"alexsmobs:kangaroo":1,"minecraft:pig":9,"minecraft:zombie_villager":1,"undead_revamp2:theheavy":1,"minecraft:sheep":13,"minecraft:pillager":1,"undead_revamp2:slaveman":1,"minecraft:zombie":18,"born_in_chaos_v1:dread_hound":9,"born_in_chaos_v1:corpse_fly":7,"alexsmobs:roadrunner":1,"born_in_chaos_v1:door_knight":4,"born_in_chaos_v1:siamese_skeletonsleft":1,"minecraft:cow":15,"undead_revamp2:thehunter":2,"born_in_chaos_v1:zombie_clown_not_despawn":1,"born_in_chaos_v1:zombie_bruiser":1,"born_in_chaos_v1:maggot":13,"minecraft:phantom":1,"born_in_chaos_v1:dire_hound_leader":1,"undead_revamp2:thebidy":1,"born_in_chaos_v1:corpse_fish":2,"undead_revamp2:sucker":1,"born_in_chaos_v1:spirit_guide":2,"minecraft:husk":6,"born_in_chaos_v1:baby_skeleton":5,"born_in_chaos_v1:spirit_guide_assistant":5,"undead_revamp2:the_moonflower":18,"born_in_chaos_v1:decrepit_skeleton":18,"alexsmobs:emu":2,"undead_revamp2:thesomnolence":1,"alexsmobs:gazelle":2,"born_in_chaos_v1:dark_vortex":5,"minecraft:enderman":2},"minecraft:killed_by":{"minecraft:player":1},"minecraft:used":{"minecraft:iron_shovel":22,"minecraft:decorated_pot":1,"minecraft:chest":24,"born_in_chaos_v1:smoked_flesh":9,"supplementaries:bomb_blue":1,"minecraft:furnace":4,"minecraft:cooked_cod":2,"minecraft:stone_pickaxe":433,"minecraft:oak_planks":2,"minecraft:wooden_pickaxe":9,"minecraft:leather_chestplate":1,"minecraft:mushroom_stew":4,"born_in_chaos_v1:monster_flesh":1,"minecraft:bread":137,"rpgsmw:copper_knife":160,"sophisticatedbackpacks:iron_backpack":2,"minecraft:stone_sword":69,"minecraft:stone_shovel":56,"minecraft:cooked_salmon":6,"minecraft:cooked_chicken":6,"rpgsmw:steel_sickle":534,"minecraft:stick":1,"minecraft:torch":139,"minecraft:dirt":64,"alexsmobs:cooked_kangaroo_meat":1,"minecraft:cooked_beef":16,"minecraft:cooked_mutton":18,"minecraft:baked_potato":25,"minecraft:crafting_table":10,"minecraft:red_bed":2,"supplementaries:bomb":3,"minecraft:cake":1,"rpgsmw:copper_sickle":1231,"minecraft:iron_pickaxe":281,"minecraft:stone_axe":114,"minecraft:cobblestone":259,"minecraft:cooked_porkchop":4,"minecraft:pumpkin_pie":3},"minecraft:mined":{"minecraft:spruce_trapdoor":14,"minecraft:grass_block":18,"minecraft:spawner":7,"beachparty:seashell_block":4,"minecraft:iron_ore":30,"minecraft:fire":1,"born_in_chaos_v1:black_argillite_brick_stairs":2,"minecraft:pumpkin":2,"minecraft:fletching_table":1,"vinery:taiga_grape_bush_white":1,"minecraft:green_carpet":20,"minecraft:player_head":2,"minecraft:spruce_slab":2,"minecraft:tripwire":6,"hauntedharvest:corn_middle":1,"minecraft:red_bed":4,"minecraft:crimson_nylium":2,"minecraft:torch":2,"minecraft:note_block":7,"minecraft:potted_warped_roots":1,"minecraft:chest":4,"minecraft:white_stained_glass_pane":1,"minecraft:cobblestone":14,"minecraft:bricks":1,"minecraft:skeleton_skull":2,"minecraft:chain":1,"minecraft:jukebox":1,"born_in_chaos_v1:black_argillite_brick":3,"minecraft:stone_brick_stairs":1,"minecraft:grass":61,"minecraft:oak_log":1,"minecraft:sand":11,"minecraft:dirt":31,"minecraft:oak_leaves":5,"meds_and_herbs:cotton_plant":2,"minecraft:redstone_lamp":84,"minecraft:attached_pumpkin_stem":2,"create:zinc_ore":14,"minecraft:tuff":1,"minecraft:yellow_wall_banner":2,"minecraft:mossy_cobblestone":2,"minecraft:potted_wither_rose":3,"minecraft:stripped_birch_log":1,"minecraft:mangrove_roots":2,"minecraft:spruce_fence":2,"minecraft:decorated_pot":16,"minecraft:crimson_roots":1,"minecraft:redstone_wire":3,"minecraft:hay_block":25,"minecraft:oak_trapdoor":1,"minecraft:furnace":4,"minecraft:andesite":15,"minecraft:stripped_spruce_log":4,"treechop:chopped_log":13,"minecraft:bookshelf":12,"crittersandcompanions:silk_cocoon":1,"minecraft:stone":179,"minecraft:bone_block":16,"minecraft:white_wool":24,"minecraft:acacia_leaves":1,"jeg:scrap_ore":33,"hauntedharvest:jack_o_lantern":1,"minecraft:spruce_door":1,"minecraft:crafting_table":8,"minecraft:cornflower":55,"bakery:wild_strawberries":1,"minecraft:oak_wood":4,"born_in_chaos_v1:black_argillite_stairs":1,"minecraft:tall_grass":16,"minecraft:copper_ore":16,"minecraft:dried_kelp_block":1,"minecraft:orange_carpet":1,"minecraft:spruce_stairs":6,"minecraft:beehive":2,"minecraft:creeper_head":2,"minecraft:white_carpet":1,"gamma_beasts:thin_oak_log":1,"minecraft:coal_ore":324,"minecraft:zombie_head":2,"minecraft:flower_pot":2,"minecraft:cobweb":3,"minecraft:polished_andesite":1,"minecraft:stone_bricks":15}},"DataVersion":3465}