{"stats":{"minecraft:custom":{"minecraft:time_since_rest":0,"minecraft:sprint_one_cm":46584,"minecraft:damage_taken":1120,"minecraft:walk_one_cm":45548,"minecraft:mob_kills":4,"minecraft:damage_dealt":722,"minecraft:interact_with_crafting_table":2,"minecraft:fly_one_cm":24374,"minecraft:crouch_one_cm":1,"minecraft:play_time":36773,"minecraft:deaths":4,"minecraft:sneak_time":42,"minecraft:jump":166,"minecraft:leave_game":2,"minecraft:time_since_death":0,"minecraft:total_world_time":36773,"minecraft:fall_one_cm":11115},"minecraft:killed":{"minecraft:zombie":1,"alexsmobs:blue_jay":1,"alexsmobs:tasmanian_devil":1,"born_in_chaos_v1:firelight_not_despawn":1},"minecraft:mined":{"gamma_beasts:thin_birch_log":1,"minecraft:farmland":1,"minecraft:iron_ore":8,"minecraft:birch_log":1,"meds_and_herbs:plantago":1,"minecraft:birch_leaves":1,"minecraft:mangrove_roots":1,"treechop:chopped_log":9,"minecraft:crafting_table":2,"minecraft:grass":1,"minecraft:oak_wood":1,"minecraft:coal_ore":1,"minecraft:dirt_path":6,"minecraft:stone":28},"minecraft:picked_up":{"minecraft:birch_log":3,"gamma_beasts:pear":15,"minecraft:raw_iron":8,"minecraft:crafting_table":2,"minecraft:wheat":1,"gamma_beasts:birch_leaf":8,"gamma_beasts:thin_birch_log":6,"minecraft:shield":1,"minecraft:dirt":6,"alexsmobs:animal_dictionary":1,"minecraft:wooden_sword":1,"rpgsmw:class_choose_orb":1,"minecraft:leather_boots":1,"minecraft:oak_wood":2,"minecraft:rotten_flesh":2,"born_in_chaos_v1:fire_dust":1,"minecraft:apple":1,"meds_and_herbs:plantago_leaves":2,"gamma_beasts:coal_nugget":1,"minecraft:mangrove_roots":2,"minecraft:oak_sapling":2,"minecraft:birch_sapling":1,"minecraft:coal":1,"minecraft:cobblestone":28},"minecraft:crafted":{"minecraft:oak_planks":8,"minecraft:crafting_table":1,"minecraft:stick":12,"minecraft:stone_pickaxe":1,"minecraft:wooden_pickaxe":1,"minecraft:wooden_axe":1,"minecraft:stone_sword":1,"minecraft:birch_planks":12,"minecraft:stone_axe":1},"minecraft:used":{"minecraft:wooden_axe":1,"minecraft:stone_sword":15,"minecraft:apple":1,"gamma_beasts:pear":3,"minecraft:stone_pickaxe":20,"minecraft:wooden_pickaxe":17,"minecraft:leather_boots":1,"minecraft:stone_axe":13,"minecraft:wooden_sword":1,"minecraft:crafting_table":2}},"DataVersion":3465}