{"stats":{"minecraft:picked_up":{"born_in_chaos_v1:fire_dust":2},"minecraft:killed":{"born_in_chaos_v1:firelight_not_despawn":2},"minecraft:used":{"minecraft:bread":4,"minecraft:wooden_sword":9},"minecraft:mined":{"minecraft:fire":2},"minecraft:custom":{"minecraft:jump":3,"minecraft:time_since_rest":5308,"minecraft:damage_dealt":290,"minecraft:leave_game":1,"minecraft:sprint_one_cm":5992,"minecraft:play_time":5308,"minecraft:damage_taken":204,"minecraft:time_since_death":5308,"minecraft:walk_one_cm":14934,"minecraft:total_world_time":5308,"minecraft:mob_kills":2,"minecraft:fly_one_cm":1215}},"DataVersion":3465}