{"stats":{"minecraft:picked_up":{"vinery:red_grape":3,"minecraft:wheat":3,"minecraft:flower_pot":5,"minecraft:enchanted_book":6,"minecraft:potion":2,"born_in_chaos_v1:holiday_candy":6,"born_in_chaos_v1:black_argillite":133,"create:limestone":3,"alexsmobs:gazelle_horn":26,"minecraft:string":39,"minecraft:raw_copper":318,"minecraft:red_nether_bricks":1,"minecraft:iron_leggings":2,"minecraft:experience_bottle":1,"rpgsmw:copper_battle_hammer":1,"jeg:revolver":1,"minecraft:smooth_stone":2,"alexsmobs:emu_feather":18,"minecraft:gold_nugget":5,"minecraft:cobbled_deepslate":23,"minecraft:bucket":1,"minecraft:calcite":1,"minecraft:iron_pickaxe":3,"minecraft:smooth_quartz_stairs":2,"minecraft:mangrove_log":3,"minecraft:furnace":30,"minecraft:beehive":1,"minecraft:stick":15,"born_in_chaos_v1:shattered_skull":6,"jeg:pistol_ammo":20,"minecraft:brick_wall":1,"minecraft:torch":64,"minecraft:acacia_log":3,"minecraft:spruce_stairs":1,"minecraft:porkchop":14,"born_in_chaos_v1:nightmare_claw":3,"born_in_chaos_v1:black_argillite_brick_stairs":13,"minecraft:rotten_flesh":330,"create:ochrum":1,"alexsmobs:boiled_emu_egg":1,"minecraft:mangrove_roots":3,"alexsmobs:emu_egg":10,"gamma_beasts:coal_nugget":106,"supplementaries:ash":19,"born_in_chaos_v1:cultivated_pumpkin":3,"minecraft:blaze_rod":2,"undead_revamp2:arapholia":5,"minecraft:cobblestone":360,"minecraft:birch_log":2,"rpgsmw:steel":5,"minecraft:feather":54,"minecraft:cooked_beef":7,"born_in_chaos_v1:spiritual_dust":3,"minecraft:jungle_log":8,"minecraft:andesite":23,"gamma_beasts:prehnite":14,"minecraft:potato":11,"minecraft:flint":5,"minecraft:tuff":10,"create:raw_zinc":36,"supplementaries:flax_seeds":4,"born_in_chaos_v1:black_argillite_button":3,"jeg:scrap":178,"alexsmobs:cooked_kangaroo_meat":21,"minecraft:map":2,"minecraft:lapis_lazuli":176,"skilltree:gem":118,"minecraft:dirt":135,"born_in_chaos_v1:marigolds":6,"born_in_chaos_v1:monster_skin":14,"minecraft:leather_boots":2,"minecraft:bone":126,"undead_revamp2:blacpetalblock":6,"minecraft:wheat_seeds":40,"minecraft:raw_gold":5,"minecraft:cyan_candle":3,"minecraft:fletching_table":4,"minecraft:oak_planks":33,"minecraft:cooked_porkchop":2,"rpgsmw:copper_knife":1,"minecraft:sand":16,"minecraft:grass_block":1,"minecraft:dark_oak_log":8,"minecraft:barrel":1,"undead_revamp2:heavytooth":1,"alexsmobs:guster_eye":1,"minecraft:polished_andesite":2,"alexsmobs:kangaroo_hide":21,"create:crimsite":1,"minecraft:sugar":3,"born_in_chaos_v1:fire_dust":9,"minecraft:writable_book":4,"minecraft:granite":7,"minecraft:bone_meal":1,"minecraft:golden_apple":2,"minecraft:emerald":40,"alexsmobs:maggot":4,"minecraft:oak_sapling":86,"minecraft:cocoa_beans":5,"minecraft:fishing_rod":1,"born_in_chaos_v1:diamond_termite_shard":9,"minecraft:charcoal":2,"minecraft:crafting_table":9,"minecraft:chicken":32,"born_in_chaos_v1:smoked_monster_flesh":13,"minecraft:nether_wart":2,"born_in_chaos_v1:seedof_chaos":5,"brewery:fried_chicken":1,"minecraft:cooked_rabbit":1,"jeg:scrap_workbench":1,"minecraft:brick":61,"minecraft:cornflower":10,"minecraft:oak_trapdoor":2,"minecraft:red_bed":7,"minecraft:wooden_sword":1,"minecraft:flint_and_steel":1,"minecraft:compass":1,"born_in_chaos_v1:intoxicating_decoction":5,"minecraft:white_carpet":2,"minecraft:beef":31,"born_in_chaos_v1:gnawed_bones":3,"minecraft:player_head":2,"minecraft:light_gray_wool":6,"minecraft:spruce_slab":6,"minecraft:chest":8,"minecraft:raw_copper_block":1,"minecraft:egg":5,"minecraft:raw_iron":136,"minecraft:copper_ingot":101,"minecraft:bowl":5,"ironchest:iron_chest":3,"born_in_chaos_v1:pieceofdarkmetal":21,"minecraft:carrot":112,"minecraft:redstone":45,"create:zinc_ingot":58,"minecraft:stone_shovel":1,"minecraft:arrow":24,"rpgsmw:iron_scythe":1,"minecraft:cooked_cod":4,"minecraft:decorated_pot":3,"minecraft:golden_hoe":1,"jeg:waterpipe_shotgun":2,"minecraft:hay_block":18,"minecraft:gold_ingot":7,"minecraft:glow_berries":4,"minecraft:mutton":71,"alexsmobs:kangaroo_meat":45,"minecraft:white_wool":32,"minecraft:skeleton_skull":3,"born_in_chaos_v1:fused_bone":6,"born_in_chaos_v1:corpse_maggot":49,"rpgsmw:copper_sickle":1,"minecraft:tripwire_hook":60,"born_in_chaos_v1:monster_flesh":22,"minecraft:glow_ink_sac":2,"minecraft:leather":12,"alexsmobs:acacia_blossom":4,"meds_and_herbs:artemisia_leaves":4,"minecraft:acacia_wood":10,"minecraft:packed_mud":14,"minecraft:oak_log":25,"minecraft:chainmail_chestplate":1,"minecraft:gunpowder":12,"minecraft:paper":38,"minecraft:cooked_mutton":17,"minecraft:stone_bricks":1,"minecraft:apple":17,"minecraft:kelp":5,"endrem:cold_eye":2,"born_in_chaos_v1:smoked_flesh":26,"minecraft:rabbit_hide":2,"minecraft:iron_ingot":154,"born_in_chaos_v1:chipped_black_argillite_brick":9,"minecraft:cooked_chicken":6,"minecraft:cobweb":3,"minecraft:glass_bottle":5,"minecraft:acacia_sapling":10,"jeg:tech_trash":11,"bakery:strawberry":1,"minecraft:smooth_basalt":6,"minecraft:warped_fungus":3,"hauntedharvest:corn":12,"born_in_chaos_v1:ethereal_spirit":16,"minecraft:gravel":5,"born_in_chaos_v1:dark_rod":2,"born_in_chaos_v1:fangofthe_hound_leader":1,"minecraft:spider_eye":10,"minecraft:spruce_door":1,"jeg:handmade_shell":10,"meds_and_herbs:artemisia_seeds":1,"minecraft:oak_wood":17,"undead_revamp2:rawbostrox":2,"minecraft:pumpkin_seeds":12,"minecraft:slime_ball":12,"born_in_chaos_v1:black_argillite_brick_slab":4,"minecraft:stone_axe":1,"hauntedharvest:rotten_apple":1,"undead_revamp2:beespheromones":1,"minecraft:gray_wool":2,"minecraft:baked_potato":7,"minecraft:black_wool":2,"minecraft:mangrove_propagule":1,"minecraft:coal":533,"minecraft:ender_pearl":2},"minecraft:crafted":{"rpgsmw:blue_fabric":7,"minecraft:smooth_stone":12,"minecraft:oak_planks":160,"minecraft:cooked_chicken":28,"minecraft:stone":0,"minecraft:cooked_mutton":57,"minecraft:iron_boots":1,"minecraft:raw_copper":9,"minecraft:chest":1,"minecraft:copper_block":8,"rpgsmw:woodenfiber":30,"minecraft:cooked_porkchop":17,"minecraft:crafting_table":5,"minecraft:iron_helmet":1,"minecraft:baked_potato":14,"minecraft:copper_ingot":358,"rpgsmw:copper_berserk_armor_boots":1,"minecraft:birch_planks":8,"minecraft:campfire":1,"farmersdelight:fried_egg":4,"minecraft:iron_chestplate":1,"minecraft:charcoal":7,"minecraft:stick":156,"minecraft:iron_ingot":320,"minecraft:iron_pickaxe":3,"minecraft:gold_ingot":12,"jeg:scrap":36,"minecraft:coal":9,"minecraft:leather_boots":4,"minecraft:furnace":9,"minecraft:blast_furnace":2,"minecraft:diamond":1,"minecraft:leather":8,"minecraft:stone_pickaxe":4,"alexsmobs:kangaroo_burger":5,"minecraft:dark_oak_planks":28,"minecraft:wheat":270,"rpgsmw:fabric":4,"minecraft:cooked_beef":30,"minecraft:red_dye":1,"ironchest:wood_to_iron_chest_upgrade":1,"rpgsmw:steel":83,"alexsmobs:cooked_kangaroo_meat":40,"alexsmobs:boiled_emu_egg":10,"hauntedharvest:corn_on_the_cob":48,"minecraft:jungle_planks":8,"minecraft:air":0,"minecraft:bread":105,"jeg:scrap_block":5,"minecraft:blue_dye":16,"minecraft:acacia_planks":24,"minecraft:torch":128,"create:zinc_ingot":52},"minecraft:broken":{"rpgsmw:copper_gauntlet":1,"minecraft:leather_leggings":1,"minecraft:iron_boots":1,"minecraft:iron_chestplate":1,"minecraft:iron_leggings":1,"rpgsmw:iron_gauntlet":1,"minecraft:stone_pickaxe":6,"minecraft:wooden_sword":1,"minecraft:stone_axe":2,"minecraft:leather_helmet":3,"minecraft:stone_sword":1,"rpgsmw:copper_battle_hammer":3,"rpgsmw:copper_berserk_armor_chestplate":5,"minecraft:leather_chestplate":2,"rpgsmw:copper_berserk_armor_leggings":5,"rpgsmw:copper_berserk_armor_helmet":6,"rpgsmw:copper_berserk_armor_boots":4,"minecraft:leather_boots":9,"minecraft:iron_pickaxe":1,"minecraft:iron_helmet":1},"minecraft:custom":{"minecraft:animals_bred":1,"minecraft:interact_with_crafting_table":102,"minecraft:open_barrel":39,"minecraft:eat_cake_slice":9,"minecraft:leave_game":7,"minecraft:time_since_death":3716,"minecraft:damage_resisted":11384,"minecraft:sprint_one_cm":3380887,"minecraft:drop":394,"minecraft:talked_to_villager":3,"minecraft:play_time":683642,"minecraft:deaths":52,"minecraft:jump":6972,"minecraft:walk_on_water_one_cm":103769,"minecraft:interact_with_furnace":463,"minecraft:sleep_in_bed":24,"minecraft:damage_dealt":75769,"minecraft:crouch_one_cm":72203,"minecraft:mob_kills":450,"minecraft:interact_with_campfire":92,"minecraft:damage_dealt_resisted":4207,"minecraft:climb_one_cm":8839,"minecraft:walk_one_cm":1938687,"minecraft:damage_dealt_absorbed":139,"minecraft:sneak_time":20834,"minecraft:walk_under_water_one_cm":16147,"minecraft:interact_with_blast_furnace":62,"minecraft:total_world_time":683642,"minecraft:time_since_rest":3738,"minecraft:damage_taken":37433,"minecraft:swim_one_cm":41275,"minecraft:fly_one_cm":2695774,"minecraft:open_chest":810,"minecraft:fall_one_cm":138469},"minecraft:dropped":{"minecraft:cooked_beef":7,"minecraft:cooked_porkchop":2,"minecraft:decorated_pot":2,"rpgsmw:woodenfiber":1,"minecraft:fletching_table":2,"create:crimsite":1,"jeg:scrap":2,"born_in_chaos_v1:nightmare_claw":1,"born_in_chaos_v1:monster_flesh":1,"minecraft:dirt":59,"minecraft:packed_mud":10,"born_in_chaos_v1:monster_skin":3,"minecraft:cooked_cod":2,"alexsmobs:emu_feather":6,"minecraft:writable_book":2,"minecraft:wooden_sword":1,"minecraft:bone_meal":1,"minecraft:sand":11,"minecraft:iron_pickaxe":5,"undead_revamp2:blacpetalblock":1,"minecraft:dark_oak_planks":7,"minecraft:white_wool":8,"minecraft:bone":60,"minecraft:stone_axe":1,"alexsmobs:gazelle_horn":6,"minecraft:cobbled_deepslate":23,"minecraft:wheat":2,"rpgsmw:steel":49,"undead_revamp2:arapholia":4,"minecraft:rotten_flesh":276,"born_in_chaos_v1:smoked_flesh":13,"minecraft:oak_planks":32,"minecraft:cooked_mutton":15,"minecraft:carrot":78,"minecraft:rabbit_hide":1,"supplementaries:ash":2,"born_in_chaos_v1:seedof_chaos":2,"minecraft:mangrove_log":1,"minecraft:gunpowder":6,"born_in_chaos_v1:chipped_black_argillite_brick":9,"minecraft:skeleton_skull":1,"minecraft:oak_wood":8,"minecraft:jungle_log":2,"born_in_chaos_v1:corpse_maggot":42,"minecraft:acacia_sapling":9,"minecraft:chest":4,"minecraft:spruce_slab":5,"minecraft:arrow":5,"minecraft:enchanted_book":1,"minecraft:iron_ingot":35,"minecraft:wheat_seeds":29,"minecraft:feather":8,"minecraft:cobblestone":140,"hauntedharvest:corn":8,"minecraft:granite":7,"born_in_chaos_v1:black_argillite_brick_slab":4,"minecraft:copper_ingot":31,"minecraft:spruce_door":1,"minecraft:acacia_log":2,"minecraft:coal":5,"minecraft:polished_andesite":1,"minecraft:stick":14,"minecraft:cobweb":3,"minecraft:torch":21,"skilltree:gem":2,"minecraft:map":1,"minecraft:potion":2,"jeg:waterpipe_shotgun":1,"minecraft:smooth_stone":2,"minecraft:paper":22,"minecraft:string":15,"minecraft:acacia_planks":20,"minecraft:smooth_basalt":6,"alexsmobs:maggot":2,"minecraft:kelp":7,"born_in_chaos_v1:black_argillite_brick_stairs":13,"minecraft:oak_trapdoor":1,"create:ochrum":1,"rpgsmw:blue_fabric":1,"minecraft:player_head":1,"rpgsmw:iron_scythe":1,"minecraft:raw_copper":38,"minecraft:bowl":1,"minecraft:tuff":9,"minecraft:raw_iron":6,"minecraft:stone_shovel":1,"born_in_chaos_v1:black_argillite_button":3,"minecraft:light_gray_wool":4,"born_in_chaos_v1:spiritual_dust":3,"alexsmobs:cooked_kangaroo_meat":7,"minecraft:potato":5,"rpgsmw:fabric":1,"create:zinc_ingot":29,"minecraft:andesite":12,"minecraft:oak_sapling":11,"minecraft:stone_bricks":1,"minecraft:spider_eye":9,"minecraft:barrel":1},"minecraft:killed":{"undead_revamp2:thewolf":1,"born_in_chaos_v1:zombie_lumberjack":4,"born_in_chaos_v1:restless_spirit":4,"minecraft:spider":19,"undead_revamp2:thesmoker":1,"born_in_chaos_v1:siamese_skeletonsright":3,"undead_revamp2:theswarmer":6,"born_in_chaos_v1:scarlet_persecutor":3,"minecraft:skeleton":21,"minecraft:bee":3,"minecraft:chicken":20,"minecraft:silverfish":1,"undead_revamp2:therod":1,"undead_revamp2:thepregnant":2,"undead_revamp2:crackleball":7,"minecraft:skeleton_horse":2,"alexsmobs:kangaroo":28,"born_in_chaos_v1:firelight_not_despawn":2,"undead_revamp2:thespitter":4,"minecraft:pig":3,"born_in_chaos_v1:diamond_termite":7,"minecraft:zombie_villager":2,"undead_revamp2:theheavy":1,"minecraft:creeper":2,"minecraft:sheep":28,"minecraft:pillager":3,"minecraft:zombie":50,"born_in_chaos_v1:dread_hound":8,"born_in_chaos_v1:corpse_fly":15,"alexsmobs:fly":2,"born_in_chaos_v1:door_knight":3,"born_in_chaos_v1:siamese_skeletonsleft":3,"minecraft:cow":6,"undead_revamp2:thehunter":3,"slasher:slasher":1,"undead_revamp2:thegliter":3,"born_in_chaos_v1:zombie_clown_not_despawn":2,"born_in_chaos_v1:skeleton_thrasher_not_despawn":1,"born_in_chaos_v1:zombie_bruiser":2,"minecraft:phantom":1,"born_in_chaos_v1:maggot":23,"undead_revamp2:thehorrors":3,"undead_revamp2:sucker":1,"alexsmobs:guster":4,"minecraft:husk":15,"born_in_chaos_v1:spiritof_chaos":1,"born_in_chaos_v1:fallen_chaos_knight":2,"born_in_chaos_v1:baby_skeleton":7,"undead_revamp2:the_moonflower":28,"alexsmobs:rhinoceros":1,"minecraft:hoglin":1,"born_in_chaos_v1:decrepit_skeleton":21,"alexsmobs:emu":6,"born_in_chaos_v1:bloody_gadfly":1,"undead_revamp2:thesomnolence":1,"born_in_chaos_v1:decaying_zombie":1,"alexsmobs:gazelle":20,"born_in_chaos_v1:dark_vortex":2,"born_in_chaos_v1:nightmare_stalker":1},"minecraft:killed_by":{"minecraft:player":1,"minecraft:bee":2,"cave_dweller:cave_dweller":2},"minecraft:used":{"minecraft:beetroot":17,"minecraft:decorated_pot":1,"minecraft:chest":4,"minecraft:rotten_flesh":1,"brewery:fried_chicken":1,"minecraft:carrot":2,"ironchest:iron_chest":3,"minecraft:tuff":1,"born_in_chaos_v1:corpse_maggot":1,"born_in_chaos_v1:smoked_flesh":3,"rpgsmw:copper_battle_axe":77,"minecraft:furnace":36,"rpgsmw:copper_battle_hammer":280,"jeg:revolver":20,"minecraft:potato":5,"rpgsmw:copper_gauntlet":230,"minecraft:stone_pickaxe":792,"minecraft:oak_planks":17,"minecraft:white_wool":4,"minecraft:mushroom_stew":3,"minecraft:blast_furnace":4,"rpgsmw:steel_battle_hammer":53,"hauntedharvest:rotten_apple":1,"rpgsmw:steel_gauntlet":670,"minecraft:melon_slice":14,"minecraft:bread":157,"minecraft:string":4,"minecraft:gravel":5,"born_in_chaos_v1:smoked_monster_flesh":15,"minecraft:wooden_sword":61,"minecraft:cooked_rabbit":5,"jeg:waterpipe_shotgun":6,"minecraft:experience_bottle":57,"ironchest:wood_to_iron_chest_upgrade":3,"minecraft:stone_sword":135,"minecraft:cooked_salmon":1,"minecraft:cooked_chicken":12,"minecraft:torch":149,"minecraft:dirt":56,"alexsmobs:cooked_kangaroo_meat":41,"alexsmobs:kangaroo_burger":1,"minecraft:cooked_beef":13,"farmersdelight:fried_egg":4,"alexsmobs:boiled_emu_egg":11,"minecraft:cooked_mutton":42,"minecraft:baked_potato":21,"minecraft:fletching_table":1,"hauntedharvest:corn_on_the_cob":48,"minecraft:crafting_table":9,"minecraft:red_bed":7,"minecraft:campfire":3,"rpgsmw:iron_gauntlet":378,"minecraft:oak_log":2,"minecraft:apple":2,"minecraft:iron_pickaxe":266,"jeg:scrap_workbench":2,"minecraft:stone_axe":161,"minecraft:cobblestone":45,"minecraft:cooked_porkchop":9,"minecraft:pumpkin_pie":6},"minecraft:mined":{"create:deepslate_zinc_ore":7,"born_in_chaos_v1:cultivated_pumpkin":3,"minecraft:spruce_trapdoor":1,"minecraft:granite":7,"born_in_chaos_v1:dark_metal_deposit":5,"minecraft:grass_block":13,"minecraft:fire":2,"born_in_chaos_v1:black_argillite_brick_slab":2,"minecraft:iron_ore":70,"minecraft:barrel":1,"born_in_chaos_v1:black_argillite_brick_stairs":7,"minecraft:fletching_table":1,"minecraft:deepslate_lapis_ore":4,"minecraft:spruce_slab":1,"minecraft:tripwire":4,"minecraft:deepslate_redstone_ore":5,"minecraft:red_bed":5,"minecraft:torch":24,"minecraft:chest":4,"minecraft:oak_planks":6,"minecraft:wall_torch":15,"minecraft:deepslate_copper_ore":5,"born_in_chaos_v1:black_argillite_brick":3,"minecraft:grass":36,"minecraft:oak_log":6,"minecraft:dirt":22,"minecraft:smooth_basalt":10,"minecraft:raw_copper_block":1,"create:crimsite":1,"minecraft:oak_leaves":6,"minecraft:deepslate":19,"minecraft:infested_deepslate":1,"create:zinc_ore":29,"minecraft:tuff":4,"minecraft:dark_oak_leaves":1,"minecraft:dark_oak_log":1,"born_in_chaos_v1:infected_diamond_ore":5,"minecraft:glow_lichen":1,"minecraft:decorated_pot":4,"born_in_chaos_v1:black_argillite":133,"create:ochrum":1,"born_in_chaos_v1:gnawed_bones":1,"minecraft:mangrove_propagule":1,"minecraft:large_fern":1,"minecraft:hay_block":18,"minecraft:redstone_ore":5,"minecraft:furnace":29,"minecraft:acacia_wood":5,"gamma_beasts:prehnite_ore":6,"minecraft:andesite":1,"treechop:chopped_log":39,"minecraft:deepslate_iron_ore":36,"ironchest:iron_chest":3,"minecraft:stone":214,"minecraft:white_wool":4,"minecraft:acacia_leaves":8,"jeg:scrap_ore":45,"minecraft:spruce_door":1,"minecraft:cornflower":6,"minecraft:crafting_table":7,"minecraft:oak_wood":4,"minecraft:campfire":1,"minecraft:deepslate_coal_ore":16,"minecraft:copper_ore":85,"minecraft:tall_grass":2,"born_in_chaos_v1:chipped_black_argillite_brick":4,"minecraft:lapis_ore":11,"minecraft:deepslate_gold_ore":1,"jeg:deepslate_scrap_ore":2,"supplementaries:urn":11,"gamma_beasts:deepslate_prehnite_ore":3,"jeg:scrap_workbench":1,"minecraft:coal_ore":241,"minecraft:gravel":1,"minecraft:gold_ore":4}},"DataVersion":3465}