{"stats":{"minecraft:custom":{"minecraft:jump":150,"minecraft:time_since_rest":19073,"minecraft:damage_dealt":40,"minecraft:crouch_one_cm":791,"minecraft:leave_game":1,"minecraft:sprint_one_cm":24939,"minecraft:play_time":19073,"minecraft:damage_taken":190,"minecraft:time_since_death":19073,"minecraft:walk_one_cm":7918,"minecraft:sneak_time":504,"minecraft:total_world_time":19073,"minecraft:fall_one_cm":7255,"minecraft:fly_one_cm":214},"minecraft:mined":{"minecraft:grass":1},"minecraft:picked_up":{"minecraft:wheat_seeds":1,"minecraft:dirt":1},"minecraft:used":{"minecraft:dirt":1,"minecraft:wooden_sword":1}},"DataVersion":3465}