{"stats":{"minecraft:custom":{"minecraft:mob_kills":61,"minecraft:interact_with_crafting_table":44,"minecraft:open_barrel":2,"minecraft:interact_with_campfire":44,"minecraft:damage_dealt_resisted":670,"minecraft:eat_cake_slice":1,"minecraft:leave_game":5,"minecraft:time_since_death":964,"minecraft:climb_one_cm":1532,"minecraft:damage_resisted":471,"minecraft:sprint_one_cm":990866,"minecraft:walk_one_cm":674762,"minecraft:drop":99,"minecraft:talked_to_villager":3,"minecraft:play_time":220958,"minecraft:deaths":10,"minecraft:sneak_time":10258,"minecraft:walk_under_water_one_cm":6698,"minecraft:jump":2125,"minecraft:walk_on_water_one_cm":43049,"minecraft:total_world_time":220958,"minecraft:interact_with_furnace":71,"minecraft:sleep_in_bed":6,"minecraft:time_since_rest":1037,"minecraft:damage_taken":9193,"minecraft:damage_dealt":12409,"minecraft:fly_one_cm":654953,"minecraft:swim_one_cm":5700,"minecraft:open_chest":133,"minecraft:crouch_one_cm":28658,"minecraft:fall_one_cm":55032},"minecraft:used":{"minecraft:beetroot":5,"minecraft:stone_sword":83,"minecraft:chest":1,"minecraft:cooked_chicken":6,"minecraft:rotten_flesh":1,"brewery:fried_chicken":1,"minecraft:torch":66,"minecraft:dirt":18,"minecraft:carrot":2,"born_in_chaos_v1:corpse_maggot":1,"minecraft:furnace":12,"minecraft:potato":5,"minecraft:cooked_beef":2,"farmersdelight:fried_egg":4,"alexsmobs:boiled_emu_egg":4,"rpgsmw:copper_gauntlet":230,"minecraft:cooked_mutton":7,"minecraft:baked_potato":7,"minecraft:stone_pickaxe":287,"minecraft:oak_planks":17,"minecraft:white_wool":1,"hauntedharvest:corn_on_the_cob":25,"minecraft:crafting_table":7,"minecraft:red_bed":4,"minecraft:campfire":2,"hauntedharvest:rotten_apple":1,"minecraft:oak_log":1,"minecraft:apple":2,"minecraft:melon_slice":14,"minecraft:bread":63,"born_in_chaos_v1:smoked_monster_flesh":1,"minecraft:gravel":5,"jeg:scrap_workbench":1,"minecraft:stone_axe":73,"minecraft:wooden_sword":61,"minecraft:cobblestone":23,"minecraft:cooked_porkchop":1,"minecraft:cooked_rabbit":1},"minecraft:dropped":{"minecraft:wheat_seeds":19,"minecraft:cooked_porkchop":2,"minecraft:decorated_pot":2,"minecraft:feather":8,"rpgsmw:woodenfiber":1,"minecraft:granite":4,"born_in_chaos_v1:black_argillite_brick_slab":4,"minecraft:copper_ingot":31,"minecraft:spruce_door":1,"minecraft:cobweb":1,"minecraft:packed_mud":5,"minecraft:dirt":8,"minecraft:cooked_cod":2,"minecraft:wooden_sword":1,"minecraft:iron_pickaxe":5,"minecraft:string":3,"minecraft:white_wool":8,"minecraft:kelp":7,"born_in_chaos_v1:black_argillite_brick_stairs":12,"minecraft:cobbled_deepslate":3,"minecraft:raw_copper":38,"undead_revamp2:arapholia":1,"minecraft:raw_iron":6,"born_in_chaos_v1:black_argillite_button":3,"minecraft:rotten_flesh":35,"minecraft:light_gray_wool":3,"minecraft:oak_planks":32,"minecraft:cooked_mutton":3,"supplementaries:ash":1,"minecraft:gunpowder":6,"rpgsmw:fabric":1,"born_in_chaos_v1:chipped_black_argillite_brick":9,"minecraft:oak_wood":8,"minecraft:andesite":1,"born_in_chaos_v1:corpse_maggot":2,"minecraft:chest":1,"minecraft:oak_sapling":11,"minecraft:spider_eye":2,"minecraft:stone_bricks":1,"minecraft:spruce_slab":5,"minecraft:arrow":3},"minecraft:picked_up":{"minecraft:charcoal":2,"minecraft:crafting_table":5,"born_in_chaos_v1:smoked_monster_flesh":1,"minecraft:chicken":7,"brewery:fried_chicken":1,"minecraft:cooked_rabbit":1,"minecraft:brick":4,"alexsmobs:gazelle_horn":1,"minecraft:string":8,"minecraft:red_bed":4,"minecraft:raw_copper":146,"minecraft:wooden_sword":1,"jeg:revolver":1,"minecraft:cobbled_deepslate":3,"minecraft:beef":6,"minecraft:iron_pickaxe":3,"minecraft:light_gray_wool":3,"minecraft:spruce_slab":5,"minecraft:chest":1,"minecraft:furnace":2,"minecraft:raw_copper_block":1,"minecraft:egg":4,"minecraft:stick":5,"minecraft:raw_iron":16,"born_in_chaos_v1:shattered_skull":3,"minecraft:torch":29,"minecraft:porkchop":2,"born_in_chaos_v1:pieceofdarkmetal":1,"born_in_chaos_v1:black_argillite_brick_stairs":12,"minecraft:arrow":5,"minecraft:rotten_flesh":40,"minecraft:cooked_cod":4,"minecraft:decorated_pot":2,"minecraft:hay_block":18,"alexsmobs:emu_egg":4,"gamma_beasts:coal_nugget":16,"supplementaries:ash":1,"minecraft:mutton":17,"undead_revamp2:arapholia":1,"minecraft:white_wool":10,"minecraft:cobblestone":121,"born_in_chaos_v1:corpse_maggot":3,"minecraft:feather":12,"minecraft:cooked_beef":7,"born_in_chaos_v1:monster_flesh":1,"minecraft:andesite":1,"minecraft:jungle_log":4,"minecraft:packed_mud":5,"minecraft:oak_log":20,"minecraft:chainmail_chestplate":1,"born_in_chaos_v1:black_argillite_button":3,"jeg:scrap":28,"minecraft:gunpowder":6,"skilltree:gem":16,"minecraft:dirt":30,"born_in_chaos_v1:monster_skin":3,"minecraft:cooked_mutton":8,"minecraft:bone":10,"minecraft:apple":2,"minecraft:stone_bricks":1,"minecraft:kelp":4,"minecraft:wheat_seeds":19,"minecraft:iron_ingot":1,"born_in_chaos_v1:chipped_black_argillite_brick":9,"minecraft:cooked_chicken":6,"minecraft:cobweb":1,"minecraft:oak_planks":33,"jeg:tech_trash":5,"minecraft:cooked_porkchop":2,"born_in_chaos_v1:ethereal_spirit":3,"minecraft:gravel":5,"born_in_chaos_v1:dark_rod":1,"minecraft:spider_eye":3,"minecraft:spruce_door":1,"undead_revamp2:heavytooth":1,"undead_revamp2:rawbostrox":2,"minecraft:oak_wood":17,"born_in_chaos_v1:fire_dust":2,"born_in_chaos_v1:black_argillite_brick_slab":4,"hauntedharvest:rotten_apple":1,"minecraft:granite":4,"minecraft:gray_wool":1,"minecraft:baked_potato":7,"minecraft:oak_sapling":22,"minecraft:coal":76},"minecraft:mined":{"minecraft:granite":4,"minecraft:spruce_trapdoor":1,"minecraft:grass_block":4,"minecraft:decorated_pot":3,"minecraft:large_fern":1,"minecraft:hay_block":18,"minecraft:furnace":2,"minecraft:iron_ore":15,"born_in_chaos_v1:black_argillite_brick_slab":2,"minecraft:fire":2,"born_in_chaos_v1:black_argillite_brick_stairs":4,"minecraft:andesite":1,"treechop:chopped_log":26,"minecraft:stone":104,"minecraft:white_wool":1,"minecraft:spruce_slab":1,"jeg:scrap_ore":16,"minecraft:red_bed":4,"minecraft:spruce_door":1,"minecraft:crafting_table":5,"minecraft:torch":6,"minecraft:oak_wood":4,"minecraft:chest":1,"minecraft:campfire":1,"minecraft:copper_ore":43,"born_in_chaos_v1:chipped_black_argillite_brick":3,"minecraft:oak_planks":6,"minecraft:wall_torch":14,"born_in_chaos_v1:black_argillite_brick":1,"minecraft:grass":15,"minecraft:oak_log":5,"minecraft:coal_ore":75,"minecraft:gravel":1,"minecraft:dirt":12,"minecraft:raw_copper_block":1,"minecraft:oak_leaves":6,"minecraft:deepslate":3},"minecraft:broken":{"minecraft:leather_helmet":1,"rpgsmw:copper_gauntlet":1,"minecraft:leather_leggings":1,"rpgsmw:copper_berserk_armor_chestplate":1,"minecraft:leather_chestplate":1,"minecraft:stone_pickaxe":2,"rpgsmw:copper_berserk_armor_leggings":1,"rpgsmw:copper_berserk_armor_helmet":1,"rpgsmw:copper_berserk_armor_boots":1,"minecraft:leather_boots":1,"minecraft:wooden_sword":1},"minecraft:killed":{"undead_revamp2:thewolf":1,"undead_revamp2:thehunter":1,"born_in_chaos_v1:restless_spirit":1,"born_in_chaos_v1:zombie_lumberjack":1,"minecraft:spider":8,"born_in_chaos_v1:zombie_bruiser":1,"born_in_chaos_v1:maggot":2,"minecraft:skeleton":5,"minecraft:chicken":7,"undead_revamp2:thehorrors":1,"undead_revamp2:thespitter":1,"born_in_chaos_v1:firelight_not_despawn":2,"born_in_chaos_v1:spiritof_chaos":1,"minecraft:pig":1,"undead_revamp2:the_moonflower":3,"born_in_chaos_v1:decrepit_skeleton":4,"minecraft:sheep":7,"minecraft:zombie":4,"born_in_chaos_v1:dread_hound":1,"born_in_chaos_v1:dark_vortex":1,"alexsmobs:gazelle":1,"born_in_chaos_v1:corpse_fly":6},"minecraft:crafted":{"minecraft:oak_planks":148,"minecraft:coal":9,"minecraft:furnace":9,"minecraft:cooked_mutton":4,"minecraft:raw_copper":9,"minecraft:stone_pickaxe":4,"minecraft:chest":1,"minecraft:copper_block":5,"rpgsmw:woodenfiber":12,"minecraft:wheat":162,"minecraft:red_dye":1,"minecraft:crafting_table":5,"alexsmobs:boiled_emu_egg":4,"minecraft:copper_ingot":137,"rpgsmw:copper_berserk_armor_boots":1,"hauntedharvest:corn_on_the_cob":48,"jeg:scrap_block":5,"minecraft:air":0,"minecraft:bread":54,"farmersdelight:fried_egg":4,"minecraft:charcoal":6,"minecraft:stick":68,"minecraft:iron_ingot":26,"minecraft:iron_pickaxe":3,"jeg:scrap":36,"minecraft:torch":56}},"DataVersion":3465}